success,time_to_target,sim_duration,min_safety_margin,n_safety_violations,control_effort,mpc_infeasible_steps,n_steps,level,ic_idx,traj_id
False,,0.6,-8.699324982947727e-06,1,19.0311422709189,1,12,nominal,1,0
True,1.2000000000000004,1.2000000000000004,7.65143036134488e-06,0,41.95191100894571,0,24,nominal,2,1
True,0.6,0.6,5.592582002116371,0,16.59878209813325,0,12,nominal,4,2
True,0.49999999999999994,0.49999999999999994,1.483735041001819,0,9.452975219109689,0,10,nominal,6,3
True,1.3500000000000005,1.3500000000000005,5.1559098412669565e-06,0,47.42795251900927,0,27,nominal,7,4
True,0.5499999999999999,0.5499999999999999,2.5211827235016138,0,8.854635725775594,0,11,nominal,10,5
True,0.9000000000000002,0.9000000000000002,3.2935356835093907,0,15.626238695276067,0,18,nominal,13,6
True,0.7500000000000001,0.7500000000000001,9.84984945715015e-06,0,19.808128829410563,0,15,nominal,15,7
True,1.0000000000000002,1.0000000000000002,4.2425217705476394e-06,0,30.16542099900635,0,20,nominal,18,8
True,0.8000000000000002,0.8000000000000002,2.8012191058434275,0,19.559832893793846,0,16,nominal,19,9
True,0.39999999999999997,0.39999999999999997,2.525540701179929,0,10.918657677380308,0,8,nominal,21,10
True,0.7500000000000001,0.7500000000000001,1.064364859562402e-05,0,11.504402856820734,0,15,nominal,22,11
True,0.9000000000000002,0.9000000000000002,8.041092886983673e-06,0,23.691944703738038,0,18,nominal,23,12
True,1.2000000000000004,1.2000000000000004,4.5200065854179764e-06,0,29.188244718472056,0,24,nominal,24,13
True,0.5499999999999999,0.5499999999999999,4.430663731677084,0,9.076664715523119,0,11,nominal,26,14
True,0.6,0.6,2.798480982029361,0,13.368073241618003,0,12,nominal,29,15
True,1.3500000000000005,1.3500000000000005,5.275131251390897e-06,0,44.858241596827845,0,27,nominal,30,16
True,0.5499999999999999,0.5499999999999999,5.160606553887988,0,12.172201424957803,0,11,nominal,32,17
True,0.6,0.6,8.697704682276449,0,12.415600429455878,0,12,nominal,37,18
True,1.3500000000000005,1.3500000000000005,7.64749896619628e-06,0,46.14626350477917,0,27,nominal,38,19
True,0.2,0.2,9.194602141979937,0,5.135041688061929,0,4,nominal,42,20
True,0.7000000000000001,0.7000000000000001,4.064460527233061e-06,0,9.928612511214451,0,14,nominal,44,21
True,1.1000000000000003,1.1000000000000003,5.008497631045541e-06,0,27.305759057897518,0,22,nominal,47,22
True,1.1000000000000003,1.1000000000000003,1.8424183302016808e-06,0,24.542666653147773,0,22,nominal,48,23
True,1.3500000000000005,1.3500000000000005,5.358338443163241e-06,0,45.96024414781651,0,27,nominal,53,24
True,1.0500000000000003,1.0500000000000003,5.440522475038251e-06,0,23.32364192327279,0,21,nominal,54,25
False,,0.39999999999999997,-6.9253990050951475e-06,1,12.993596112906031,1,8,nominal,55,26
True,0.49999999999999994,0.49999999999999994,9.940917249919673,0,13.322751046002681,0,10,nominal,56,27
True,1.0500000000000003,1.0500000000000003,1.2753220056806528e-06,0,31.320286062800832,0,21,nominal,60,28
True,1.0500000000000003,1.0500000000000003,0.0005220364899908221,0,23.121134706062197,0,21,nominal,61,29
True,0.7500000000000001,0.7500000000000001,2.914931228640692,0,13.312997041713489,0,15,nominal,66,30
True,1.1000000000000003,1.1000000000000003,1.2219039168553622e-06,0,27.446548929855897,0,22,nominal,67,31
True,1.4000000000000006,1.4000000000000006,-4.203408594135234e-06,1,40.150744752051615,0,28,nominal,69,32
True,1.2000000000000004,1.2000000000000004,3.7362693945640806e-06,0,29.19799211187902,0,24,nominal,74,33
True,0.3,0.3,4.681292662378758,0,6.584651019868741,0,6,nominal,77,34
True,1.2500000000000004,1.2500000000000004,3.2662905863915333e-06,0,34.32900705577067,0,25,nominal,80,35
True,1.0000000000000002,1.0000000000000002,4.0698127434867785e-06,0,24.989202161244027,0,20,nominal,81,36
True,0.65,0.65,4.464665868777059,0,11.208884353901949,0,13,nominal,83,37
True,0.8000000000000002,0.8000000000000002,4.055875048606608e-05,0,16.13168249827434,0,16,nominal,84,38
True,0.8000000000000002,0.8000000000000002,2.673384005496052,0,15.31352898484575,0,16,nominal,90,39
True,0.65,0.65,2.776283920842928,0,13.73656506271117,0,13,nominal,98,40
True,0.15000000000000002,0.15000000000000002,6.39708809158481,0,4.526224288615669,0,3,nominal,99,41
True,1.0500000000000003,1.0500000000000003,4.260593300006912e-06,0,25.632727546029386,0,21,nominal,101,42
True,0.7000000000000001,0.7000000000000001,3.5656581564030247,0,18.87261299787145,0,14,nominal,102,43
True,1.2500000000000004,1.2500000000000004,5.87764381382041e-06,0,41.25191599914814,0,25,nominal,103,44
True,0.65,0.65,9.5899150142695,0,10.927122237294176,0,13,nominal,109,45
True,0.65,0.65,2.483702729203322,0,10.978138160313096,0,13,nominal,111,46
True,1.3000000000000005,1.3000000000000005,1.0492700467845915e-08,0,37.78713059282892,0,26,nominal,112,47
False,,0.49999999999999994,-8.547497942505823e-06,1,18.977571669088928,1,10,nominal,115,48
True,1.2000000000000004,1.2000000000000004,4.111697182475274e-06,0,29.76777939423036,0,24,nominal,116,49
True,0.9500000000000003,0.9500000000000003,2.479626685824506,0,19.520235620933622,0,19,nominal,117,50
True,1.3000000000000005,1.3000000000000005,5.427122692623529e-06,0,43.73091882531561,0,26,nominal,118,51
True,1.1500000000000004,1.1500000000000004,3.013904076116135e-06,0,28.92297383608517,0,23,nominal,119,52
True,1.3500000000000005,1.3500000000000005,8.333775940867945e-06,0,46.389528769403526,0,27,nominal,120,53
True,1.0000000000000002,1.0000000000000002,1.2981049449648866e-06,0,19.57225830964478,0,20,nominal,122,54
True,0.6,0.6,3.628659814992353,0,14.543928006143155,0,12,nominal,123,55
True,1.2500000000000004,1.2500000000000004,4.883162781210557e-06,0,33.08297715456618,0,25,nominal,126,56
False,,0.49999999999999994,-8.170804893958692e-06,1,20.871654502984427,1,10,nominal,127,57
True,0.65,0.65,1.4313772727923713,0,16.63333519633984,0,13,nominal,132,58
True,1.4000000000000006,1.4000000000000006,8.46477642055758e-06,0,48.83176263370927,0,28,nominal,134,59
True,0.8500000000000002,0.8500000000000002,0.6629242637675121,0,22.69056349357385,0,17,nominal,135,60
False,,0.65,-3.1460648309024534e-06,1,26.620256706899124,1,13,nominal,139,61
True,0.7000000000000001,0.7000000000000001,5.654918521611963e-05,0,16.250151578762807,0,14,nominal,148,62
True,0.8000000000000002,0.8000000000000002,4.283529713147426e-06,0,12.771625233108916,0,16,nominal,149,63
False,,0.49999999999999994,-3.0847713773995407e-06,1,14.368549451629201,1,10,nominal,150,64
True,0.9000000000000002,0.9000000000000002,2.559012950825181e-06,0,24.131764057963288,0,18,nominal,151,65
True,0.3,0.3,1.5895489054684828,0,5.082964363233817,0,6,nominal,152,66
True,0.65,0.65,3.9025490668722638,0,14.126456518198106,0,13,nominal,158,67
True,1.3000000000000005,1.3000000000000005,1.3306046385816074e-05,0,35.13821763944873,0,26,nominal,159,68
True,1.3500000000000005,1.3500000000000005,3.1686797810156956e-06,0,34.98029919848836,0,27,nominal,161,69
True,0.65,0.65,1.9773945989160258e-05,0,14.32905924975327,0,13,nominal,164,70
True,1.3500000000000005,1.3500000000000005,4.917930634001512e-06,0,44.87160702681035,0,27,nominal,165,71
True,0.7500000000000001,0.7500000000000001,3.7278462566831285e-06,0,16.087374868493022,0,15,nominal,177,72
True,1.3000000000000005,1.3000000000000005,6.824592213416498e-07,0,36.937525152890046,0,26,nominal,178,73
True,0.9500000000000003,0.9500000000000003,1.0483429870959783e-06,0,28.62468410901788,0,19,nominal,180,74
True,0.3,0.3,5.214707651058882,0,6.483610689298364,0,6,nominal,181,75
True,0.8000000000000002,0.8000000000000002,1.1471134666687364,0,18.464891079083763,0,16,nominal,184,76
True,1.1500000000000004,1.1500000000000004,1.664681057356466e-06,0,28.143382297105724,0,23,nominal,185,77
True,1.1500000000000004,1.1500000000000004,1.5706799266972196e-06,0,29.62552196463861,0,23,nominal,187,78
True,0.8500000000000002,0.8500000000000002,0.04535616056863817,0,16.71098776048965,0,17,nominal,190,79
False,,0.39999999999999997,-7.899077080343222e-06,1,14.620364264473272,1,8,nominal,192,80
True,0.9500000000000003,0.9500000000000003,2.72925493177867e-05,0,16.811694131106997,0,19,nominal,194,81
True,0.8500000000000002,0.8500000000000002,1.5200994395259378e-06,0,16.762450480700622,0,17,nominal,195,82
True,1.0500000000000003,1.0500000000000003,5.1989917989573435e-06,0,27.37137706736402,0,21,nominal,196,83
True,1.4500000000000006,1.4500000000000006,8.504311245974273e-06,0,52.5782207155851,0,29,nominal,198,84
True,1.4000000000000006,1.4000000000000006,8.402743138098001e-06,0,49.223409854734605,0,28,nominal,199,85
True,0.39999999999999997,0.39999999999999997,7.620092577108419,0,9.449558406955584,0,8,nominal,206,86
True,0.9000000000000002,0.9000000000000002,6.430001725439428e-07,0,25.898194532129963,0,18,nominal,216,87
True,1.1500000000000004,1.1500000000000004,5.8627884785116155e-06,0,27.047559241757625,0,23,nominal,220,88
True,1.0000000000000002,1.0000000000000002,1.3404589489440573e-06,0,29.88091145754104,0,20,nominal,223,89
True,1.2500000000000004,1.2500000000000004,9.774211094586432e-06,0,30.605385609454256,0,25,nominal,230,90
True,1.0500000000000003,1.0500000000000003,2.105375161774463e-06,0,33.373229627456055,0,21,nominal,233,91
True,0.9000000000000002,0.9000000000000002,3.502168604577249e-06,0,15.505766443710469,0,18,nominal,236,92
True,1.1000000000000003,1.1000000000000003,6.45117416935944e-06,0,31.4650286186139,0,22,nominal,238,93
True,0.6,0.6,3.7998730504321103,0,9.791557831724504,0,12,nominal,239,94
True,1.3500000000000005,1.3500000000000005,4.077297896169734e-07,0,35.55342653688735,0,27,nominal,242,95
True,0.49999999999999994,0.49999999999999994,3.98545780347908e-05,0,8.860435435550846,0,10,nominal,244,96
True,1.4500000000000006,1.4500000000000006,5.87602078360797e-06,0,52.312947553356295,0,29,nominal,245,97
True,0.9500000000000003,0.9500000000000003,9.312947109251373e-09,0,21.59775038231573,0,19,nominal,246,98
True,1.3000000000000005,1.3000000000000005,4.3095980565340915e-06,0,34.293878056882924,0,26,nominal,252,99
True,1.0500000000000003,1.0500000000000003,1.503463477428908e-06,0,30.616301198896362,0,21,nominal,253,100
True,1.3000000000000005,1.3000000000000005,1.8344354273549308e-06,0,33.1976200871427,0,26,nominal,256,101
True,1.3000000000000005,1.3000000000000005,1.008665673505077e-05,0,44.01483100491177,0,26,nominal,258,102
True,0.44999999999999996,0.44999999999999996,0.46095686397691454,0,7.515628576424331,0,9,nominal,262,103
True,1.2500000000000004,1.2500000000000004,7.793583495810179e-07,0,32.64725816784203,0,25,nominal,272,104
True,0.9000000000000002,0.9000000000000002,6.709321273383936e-07,0,20.69989702283973,0,18,nominal,275,105
True,1.2000000000000004,1.2000000000000004,3.6919985493047808e-06,0,29.4314116517369,0,24,nominal,277,106
True,1.2500000000000004,1.2500000000000004,8.281476894308426e-06,0,30.174543386945917,0,25,nominal,278,107
True,1.0500000000000003,1.0500000000000003,3.044735534060442e-06,0,27.630056706546995,0,21,nominal,286,108
True,0.7500000000000001,0.7500000000000001,1.5948971214950847,0,16.0971323366293,0,15,nominal,288,109
True,1.2500000000000004,1.2500000000000004,8.38056388087991e-06,0,41.32726735585978,0,25,nominal,289,110
True,0.8000000000000002,0.8000000000000002,6.9606443659520805,0,14.216683353795922,0,16,nominal,294,111
True,1.2500000000000004,1.2500000000000004,2.8681734378084684e-06,0,34.57395631184534,0,25,nominal,296,112
True,0.9500000000000003,0.9500000000000003,0.8397753815726479,0,16.238167252484587,0,19,nominal,297,113
True,0.49999999999999994,0.49999999999999994,7.615936252152264,0,10.544184033740429,0,10,nominal,299,114
True,0.9000000000000002,0.9000000000000002,3.83622633623428e-06,0,19.59672127257638,0,18,nominal,301,115
True,1.0500000000000003,1.0500000000000003,6.218804864873814e-06,0,24.298485836166225,0,21,nominal,302,116
True,0.9000000000000002,0.9000000000000002,2.7551176860706287e-06,0,18.772942095643664,0,18,nominal,310,117
True,0.65,0.65,5.205687850445236,0,11.474784692390871,0,13,nominal,311,118
True,0.65,0.65,9.475628101797582,0,14.330132906770913,0,13,nominal,318,119
True,0.7500000000000001,0.7500000000000001,2.4206633501079122,0,15.050348128262035,0,15,nominal,319,120
True,1.0500000000000003,1.0500000000000003,5.019869615563493e-06,0,24.429791000320883,0,21,nominal,322,121
True,0.39999999999999997,0.39999999999999997,1.2947264729779853,0,8.866743743830902,0,8,nominal,332,122
True,0.25,0.25,9.443811769925194,0,6.997466966056354,0,5,nominal,335,123
True,1.2000000000000004,1.2000000000000004,1.7567561920764337e-06,0,31.400338510240594,0,24,nominal,336,124
True,0.9500000000000003,0.9500000000000003,3.827536669466394e-06,0,19.769325458861875,0,19,nominal,338,125
True,0.7500000000000001,0.7500000000000001,9.040578582588326,0,21.48557058735197,0,15,nominal,342,126
True,1.0500000000000003,1.0500000000000003,7.143146936882217e-06,0,20.903864336174923,0,21,nominal,348,127
True,1.2500000000000004,1.2500000000000004,8.217991179223492e-06,0,40.60037230516256,0,25,nominal,349,128
True,1.2500000000000004,1.2500000000000004,4.859513578272163e-06,0,41.75568579044257,0,25,nominal,350,129
True,1.3000000000000005,1.3000000000000005,6.675776200833583e-06,0,36.432113852346646,0,26,nominal,355,130
True,1.3000000000000005,1.3000000000000005,3.329253793423166e-07,0,35.6646598773176,0,26,nominal,358,131
True,0.8500000000000002,0.8500000000000002,0.00014612967343815555,0,23.507708458815443,0,17,nominal,360,132
False,,0.44999999999999996,-2.832914306043026e-06,1,14.590429730801397,1,9,nominal,364,133
True,0.8500000000000002,0.8500000000000002,9.280827988712908e-07,0,19.37345482956924,0,17,nominal,365,134
True,0.8000000000000002,0.8000000000000002,0.814263736024882,0,14.179384362162773,0,16,nominal,368,135
True,0.5499999999999999,0.5499999999999999,9.34792199253401,0,11.45494581447689,0,11,nominal,369,136
True,0.7500000000000001,0.7500000000000001,5.4499379638173885e-05,0,19.06198737926008,0,15,nominal,372,137
True,0.6,0.6,0.0009612806870439289,0,12.80658947785215,0,12,nominal,374,138
True,0.7500000000000001,0.7500000000000001,1.265083765316037e-05,0,16.949003394516733,0,15,nominal,375,139
True,0.6,0.6,5.193027031939742,0,11.537524171957658,0,12,nominal,380,140
True,1.4000000000000006,1.4000000000000006,1.2232384743759786e-05,0,51.60012507386211,0,28,nominal,383,141
True,0.7000000000000001,0.7000000000000001,7.941345215485031,0,16.75193152267274,0,14,nominal,387,142
True,0.8000000000000002,0.8000000000000002,5.579301879148819e-06,0,14.517412593318882,0,16,nominal,391,143
True,1.2000000000000004,1.2000000000000004,4.297784929116772e-06,0,31.644034141071092,0,24,nominal,395,144
True,0.7500000000000001,0.7500000000000001,4.726495757867258e-06,0,15.553137832207216,0,15,nominal,400,145
True,1.3000000000000005,1.3000000000000005,1.7115661297866337e-06,0,45.96775324946025,0,26,nominal,401,146
True,0.8500000000000002,0.8500000000000002,4.759328291973981e-06,0,17.867495737581756,0,17,nominal,402,147
False,,0.5499999999999999,-7.893410085990985e-06,1,22.814690677308743,1,11,nominal,405,148
False,,0.5499999999999999,-8.383932389882009e-06,1,21.03677694887677,1,11,nominal,408,149
True,0.6,0.6,1.1872476999093302,0,14.49308482014187,0,12,nominal,409,150
True,1.2000000000000004,1.2000000000000004,6.6282135610159436e-06,0,38.20691959859918,0,24,nominal,413,151
True,0.9500000000000003,0.9500000000000003,4.807091251346149e-06,0,19.46971516948596,0,19,nominal,415,152
True,0.9500000000000003,0.9500000000000003,4.796126421969771e-05,0,18.377628202730744,0,19,nominal,416,153
True,0.8000000000000002,0.8000000000000002,3.0723926963747238e-06,0,14.7973170760735,0,16,nominal,417,154
True,1.0500000000000003,1.0500000000000003,5.1402968668216796e-06,0,23.033749697670356,0,21,nominal,425,155
True,1.0000000000000002,1.0000000000000002,4.984002910393197e-06,0,19.364637065951605,0,20,nominal,426,156
True,0.65,0.65,9.318786090628084,0,10.47551946165253,0,13,nominal,429,157
True,0.3,0.3,4.855643968948962,0,6.853242965770531,0,6,nominal,433,158
True,0.7500000000000001,0.7500000000000001,9.150422958538412,0,12.605214004152947,0,15,nominal,434,159
True,1.2500000000000004,1.2500000000000004,4.159580198843709e-06,0,30.23073109719032,0,25,nominal,435,160
True,0.44999999999999996,0.44999999999999996,3.670449465994424,0,9.69231275313799,0,9,nominal,436,161
True,0.39999999999999997,0.39999999999999997,9.709399899629618,0,9.532892005152402,0,8,nominal,439,162
True,1.1000000000000003,1.1000000000000003,8.02151735718179e-06,0,27.760780696807938,0,22,nominal,444,163
True,1.3500000000000005,1.3500000000000005,2.6112088539026084e-06,0,35.27442553243576,0,27,nominal,445,164
False,,0.5499999999999999,-4.5500225362484086e-06,1,15.563046859400965,1,11,nominal,446,165
True,1.1500000000000004,1.1500000000000004,8.375403825006375e-06,0,29.83578198656635,0,23,nominal,447,166
True,0.9000000000000002,0.9000000000000002,1.6597108637761033e-05,0,24.033629885209173,0,18,nominal,448,167
True,0.3,0.3,4.265343413416778,0,5.756440919956971,0,6,nominal,449,168
True,0.8500000000000002,0.8500000000000002,2.4527687949202836e-06,0,16.950764442474693,0,17,nominal,452,169
True,1.1000000000000003,1.1000000000000003,1.5200376738944687e-06,0,34.62316965418049,0,22,nominal,455,170
True,0.35,0.35,3.51586007330208,0,8.203521164248254,0,7,nominal,456,171
True,0.5499999999999999,0.5499999999999999,2.0226805156228527,0,13.617575716297715,0,11,nominal,458,172
True,0.2,0.2,4.904673199184427,0,5.879123804596845,0,4,nominal,459,173
True,1.2000000000000004,1.2000000000000004,4.197835509037479e-06,0,30.922391931981537,0,24,nominal,462,174
True,0.8500000000000002,0.8500000000000002,5.194229190460155e-06,0,14.729765734217644,0,17,nominal,465,175
True,0.9000000000000002,0.9000000000000002,0.12124120914819271,0,20.9267284624155,0,18,nominal,466,176
True,0.6,0.6,5.050949796592535,0,13.387410975021641,0,12,nominal,468,177
False,,0.5499999999999999,-5.0395108838762255e-06,1,23.098315729120824,1,11,nominal,471,178
False,,0.5499999999999999,-8.295596442023137e-06,1,19.467110592478804,1,11,nominal,473,179
False,,0.5499999999999999,-7.615514748058722e-06,1,22.59777735261782,1,11,nominal,475,180
True,0.7500000000000001,0.7500000000000001,8.91222528118026,0,14.334912259261769,0,15,nominal,476,181
True,1.4000000000000006,1.4000000000000006,4.722758627147029e-06,0,38.80727175472787,0,28,nominal,478,182
True,1.1500000000000004,1.1500000000000004,3.0363277318823233e-06,0,31.759189093548244,0,23,nominal,481,183
True,1.0000000000000002,1.0000000000000002,4.65112075394648e-06,0,23.006767811790212,0,20,nominal,483,184
False,,0.49999999999999994,-3.0138093802326867e-06,1,14.146679746815181,1,10,nominal,485,185
True,0.65,0.65,7.598403169699262,0,13.391982840303088,0,13,nominal,493,186
True,0.7500000000000001,0.7500000000000001,1.9121252828008357,0,17.2997889333006,0,15,nominal,502,187
True,0.7000000000000001,0.7000000000000001,3.416427547050553e-05,0,17.20541085080418,0,14,nominal,514,188
True,1.3500000000000005,1.3500000000000005,2.4912464336748453e-06,0,33.70560778629539,0,27,nominal,517,189
True,0.9000000000000002,0.9000000000000002,7.104985269477729,0,17.008485482216937,0,18,nominal,519,190
True,1.2500000000000004,1.2500000000000004,6.02275208859665e-06,0,31.45485707226208,0,25,nominal,520,191
True,0.9500000000000003,0.9500000000000003,6.4784106351900406e-06,0,23.536706726954108,0,19,nominal,521,192
True,1.4500000000000006,1.4500000000000006,2.680520009145377e-06,0,50.05909922843642,0,29,nominal,522,193
True,0.7500000000000001,0.7500000000000001,6.626932004619954,0,13.428857729108573,0,15,nominal,528,194
True,1.4500000000000006,1.4500000000000006,3.5326929356401663e-06,0,51.58421440033071,0,29,nominal,540,195
True,1.0000000000000002,1.0000000000000002,5.1402573447383645e-06,0,26.36040386115595,0,20,nominal,541,196
True,1.0000000000000002,1.0000000000000002,7.2955217161012885e-06,0,28.340589724377036,0,20,nominal,544,197
True,0.44999999999999996,0.44999999999999996,4.683153818069148,0,7.1951690065124305,0,9,nominal,546,198
True,1.1500000000000004,1.1500000000000004,4.934372082755856e-06,0,25.239312828441918,0,23,nominal,548,199
True,0.9500000000000003,0.9500000000000003,5.572370759226971e-06,0,23.009286617205756,0,19,nominal,550,200
True,1.0500000000000003,1.0500000000000003,2.938826184125763e-06,0,25.33719641816051,0,21,nominal,553,201
True,1.3000000000000005,1.3000000000000005,4.345495659030955e-06,0,44.99886720171998,0,26,nominal,554,202
True,0.25,0.25,1.3210023890441764,0,5.367429260759954,0,5,nominal,556,203
True,1.1500000000000004,1.1500000000000004,3.448022740257692e-06,0,27.17903227866399,0,23,nominal,559,204
True,0.44999999999999996,0.44999999999999996,1.595165162720177,0,6.7196386596830555,0,9,nominal,562,205
True,0.49999999999999994,0.49999999999999994,3.100070290812647,0,8.985109510490672,0,10,nominal,563,206
True,0.9000000000000002,0.9000000000000002,7.674720423468092e-07,0,17.723084429591754,0,18,nominal,567,207
True,1.2500000000000004,1.2500000000000004,4.3431689639383214e-06,0,33.6061556786157,0,25,nominal,571,208
True,0.9500000000000003,0.9500000000000003,5.63420287759379e-06,0,21.856590819368428,0,19,nominal,573,209
True,1.2500000000000004,1.2500000000000004,1.7501939727470633e-06,0,39.719990132970466,0,25,nominal,574,210
False,,0.5499999999999999,-8.294534928753129e-06,1,16.520942080926744,1,11,nominal,581,211
True,1.2000000000000004,1.2000000000000004,5.840905923696075e-06,0,28.421271394814628,0,24,nominal,584,212
True,0.8000000000000002,0.8000000000000002,0.0005309523011373501,0,17.998188494793997,0,16,nominal,585,213
True,0.3,0.3,8.826416338302511,0,5.352544031635664,0,6,nominal,586,214
True,0.6,0.6,0.19632628007139916,0,10.153053414177254,0,12,nominal,589,215
True,0.25,0.25,2.3922237773802837,0,2.151007729331998,0,5,nominal,590,216
True,0.7000000000000001,0.7000000000000001,7.138120009077166,0,16.05969055532141,0,14,nominal,592,217
True,0.8500000000000002,0.8500000000000002,9.338176817665862e-07,0,16.399172988882185,0,17,nominal,593,218
False,,0.49999999999999994,-5.29255975585261e-07,1,13.620115905407678,1,10,nominal,594,219
True,0.7500000000000001,0.7500000000000001,7.794809913133832,0,17.022849597500645,0,15,nominal,597,220
True,0.8000000000000002,0.8000000000000002,4.375185650201779,0,14.990110538897095,0,16,nominal,598,221
True,0.7500000000000001,0.7500000000000001,2.888539485394609e-06,0,17.913883549019012,0,15,nominal,600,222
True,0.8500000000000002,0.8500000000000002,4.7476298874671485,0,14.734186529909458,0,17,nominal,604,223
True,0.7000000000000001,0.7000000000000001,3.581214268446175,0,10.104886267535546,0,14,nominal,606,224
True,0.49999999999999994,0.49999999999999994,7.68002917118485,0,10.627217062058422,0,10,nominal,613,225
True,1.4000000000000006,1.4000000000000006,1.5682801174844392e-06,0,47.521149796229885,0,28,nominal,614,226
True,0.7500000000000001,0.7500000000000001,0.0001503251195062388,0,15.13808798824332,0,15,nominal,621,227
True,0.9000000000000002,0.9000000000000002,5.93107087860595e-06,0,18.424977411617267,0,18,nominal,623,228
True,0.9000000000000002,0.9000000000000002,4.3569116507381604,0,18.52085646327202,0,18,nominal,634,229
True,1.0000000000000002,1.0000000000000002,3.7009100523116662e-06,0,28.961399405015115,0,20,nominal,637,230
True,1.0500000000000003,1.0500000000000003,1.0663790705826535e-05,0,20.020722058786497,0,21,nominal,639,231
True,0.65,0.65,8.627163707058559,0,9.89884379110407,0,13,nominal,644,232
True,1.1000000000000003,1.1000000000000003,3.4919277559046587e-06,0,30.255261509473357,0,22,nominal,646,233
True,1.1500000000000004,1.1500000000000004,1.9281307389811044e-06,0,35.98583144339031,0,23,nominal,654,234
True,0.7500000000000001,0.7500000000000001,2.1015490730213355,0,17.732720144638634,0,15,nominal,655,235
True,1.3000000000000005,1.3000000000000005,4.812066523953993e-06,0,36.62953005087299,0,26,nominal,662,236
True,0.7000000000000001,0.7000000000000001,1.1557023025481374,0,15.118911832166326,0,14,nominal,665,237
True,0.8500000000000002,0.8500000000000002,3.564319582967226e-06,0,22.970597567995842,0,17,nominal,667,238
True,0.7000000000000001,0.7000000000000001,5.025028045416351e-06,0,14.755543892204763,0,14,nominal,668,239
True,0.6,0.6,7.802127644952018,0,12.303901949462562,0,12,nominal,672,240
True,0.7500000000000001,0.7500000000000001,8.312682520378628e-06,0,20.328818204127256,0,15,nominal,676,241
True,1.3000000000000005,1.3000000000000005,4.119619566864033e-06,0,36.61688181616722,0,26,nominal,678,242
True,1.4500000000000006,1.4500000000000006,5.681722173616059e-06,0,52.55644382719048,0,29,nominal,679,243
True,1.0500000000000003,1.0500000000000003,0.004204629227976091,0,19.2662332796797,0,21,nominal,681,244
False,,0.9000000000000002,-0.009650806430949344,1,27.921992478200618,1,18,mild,1,0
True,1.2000000000000004,1.2000000000000004,0.008255152726420294,0,42.00274734434793,0,24,mild,2,1
True,0.6,0.6,5.592582002116371,0,16.589391775830585,0,12,mild,4,2
True,0.49999999999999994,0.49999999999999994,2.4362776026776247,0,9.385395569510512,0,10,mild,6,3
True,1.3500000000000005,1.3500000000000005,0.056650746032498804,0,46.939049838103436,0,27,mild,7,4
True,0.5499999999999999,0.5499999999999999,1.9310755531953239,0,8.849943981990194,0,11,mild,10,5
True,0.9000000000000002,0.9000000000000002,3.2756012774912233,0,15.661322875255882,0,18,mild,13,6
False,,0.49999999999999994,-0.09766979269387947,1,18.42383448554639,1,10,mild,15,7
False,,0.44999999999999996,-0.08597613616191888,1,18.151936317200793,1,9,mild,18,8
True,0.8000000000000002,0.8000000000000002,2.902198751798509,0,19.639646950777326,0,16,mild,19,9
True,0.39999999999999997,0.39999999999999997,2.5450682920670817,0,10.902205065170028,0,8,mild,21,10
True,0.7500000000000001,0.7500000000000001,0.07371443279697441,0,11.668434393024956,0,15,mild,22,11
False,,0.5499999999999999,-0.205317212854221,1,19.775956260598303,1,11,mild,23,12
False,,0.8500000000000002,-0.07758322111324548,1,23.929558650663317,1,17,mild,24,13
True,0.5499999999999999,0.5499999999999999,4.548765180466317,0,9.096851122186637,0,11,mild,26,14
True,0.6,0.6,2.8223950197235204,0,13.3706682263868,0,12,mild,29,15
True,1.3500000000000005,1.3500000000000005,0.006182167146253424,0,44.13652075213952,0,27,mild,30,16
True,0.49999999999999994,0.49999999999999994,5.247771013779821,0,11.893204238320413,0,10,mild,32,17
True,0.6,0.6,8.315789355854676,0,12.433144278876094,0,12,mild,37,18
True,1.3500000000000005,1.3500000000000005,0.07731164838508292,0,46.11791821766538,0,27,mild,38,19
True,0.2,0.2,9.194602141979937,0,5.12229068872325,0,4,mild,42,20
True,0.7000000000000001,0.7000000000000001,0.12545691072019174,0,9.983307106095992,0,14,mild,44,21
False,,0.8500000000000002,-0.11724394480474615,1,23.11825760431942,1,17,mild,47,22
False,,0.65,-0.04385186416222923,1,16.789157232182212,1,13,mild,48,23
False,,0.9000000000000002,-0.1856620235809053,1,32.02238534136413,1,18,mild,53,24
True,1.0500000000000003,1.0500000000000003,0.06633574752697195,0,23.27454501334816,0,21,mild,54,25
False,,0.39999999999999997,-0.00437075844461927,1,12.960202552950113,1,8,mild,55,26
True,0.49999999999999994,0.49999999999999994,10.172540060278964,0,13.346303189313529,0,10,mild,56,27
False,,0.39999999999999997,-0.04270043762455175,1,18.75833539255733,1,8,mild,60,28
False,,0.8000000000000002,-0.1749158151394946,1,21.190688747767023,1,16,mild,61,29
True,0.7500000000000001,0.7500000000000001,2.9621514135975153,0,13.31283377268478,0,15,mild,66,30
False,,0.49999999999999994,-0.10273955705046314,1,13.241319946495455,1,10,mild,67,31
False,,0.7000000000000001,-0.14178774746917844,1,22.67322913911197,1,14,mild,69,32
True,1.2000000000000004,1.2000000000000004,0.004864575958523896,0,29.048281775380016,0,24,mild,74,33
True,0.3,0.3,4.711271664618931,0,6.600051826164952,0,6,mild,77,34
False,,0.39999999999999997,-0.034307164975151405,1,13.062394921850906,1,8,mild,80,35
False,,0.49999999999999994,-0.059166291384111835,1,14.87737463189616,1,10,mild,81,36
True,0.65,0.65,4.486437843643157,0,11.17599134212496,0,13,mild,83,37
True,0.8000000000000002,0.8000000000000002,0.21728039247245098,0,16.119587837741626,0,16,mild,84,38
True,0.8000000000000002,0.8000000000000002,2.6229297494921835,0,15.391220522060973,0,16,mild,90,39
True,0.65,0.65,2.8410018588234527,0,13.691272262992362,0,13,mild,98,40
True,0.15000000000000002,0.15000000000000002,6.423269668304864,0,4.527772707197334,0,3,mild,99,41
True,1.0500000000000003,1.0500000000000003,0.060766285936799426,0,25.430964049707303,0,21,mild,101,42
True,0.7000000000000001,0.7000000000000001,3.4527886987255942,0,18.880770374531572,0,14,mild,102,43
True,1.2500000000000004,1.2500000000000004,0.017361701046358976,0,41.492879935461474,0,25,mild,103,44
True,0.65,0.65,9.616938175969214,0,10.975130399852674,0,13,mild,109,45
True,0.65,0.65,2.6368062418270943,0,11.030859960598015,0,13,mild,111,46
False,,0.49999999999999994,-0.04389272246968655,1,17.43288293412385,1,10,mild,112,47
False,,0.44999999999999996,-0.04201304295940229,1,16.033832369067,1,9,mild,115,48
False,,0.6,-0.06800402719028169,1,15.697762549022219,1,12,mild,116,49
True,0.9500000000000003,0.9500000000000003,2.0088440018316622,0,19.47220883331718,0,19,mild,117,50
False,,0.65,-0.13540616880190048,1,27.554538033675737,1,13,mild,118,51
False,,0.6,-0.04350715523904973,1,18.661389190729622,1,12,mild,119,52
False,,0.44999999999999996,0.16752636086812672,0,19.644536182412008,1,9,mild,120,53
False,,0.65,-0.17479373407382864,1,16.71590152008133,1,13,mild,122,54
True,0.6,0.6,3.9110792323076633,0,14.519730320728353,0,12,mild,123,55
False,,0.65,-0.13932240558544798,1,18.90045043896326,1,13,mild,126,56
False,,0.49999999999999994,-0.05663346518506699,1,20.735654187168304,1,10,mild,127,57
True,0.65,0.65,0.8732514435248834,0,16.625486588204875,0,13,mild,132,58
False,,0.7500000000000001,-0.011712400274782032,1,32.044752064391695,1,15,mild,134,59
True,0.8500000000000002,0.8500000000000002,0.40438091150692274,0,22.65430551555282,0,17,mild,135,60
False,,0.65,-0.14860956318932603,1,26.446511506996025,1,13,mild,139,61
False,,0.25,-0.32864109433701605,1,9.484533118567414,1,5,mild,148,62
True,0.8000000000000002,0.8000000000000002,0.09634639685984056,0,13.002296509925765,0,16,mild,149,63
False,,0.44999999999999996,-0.19549970959218152,1,12.101737178978901,1,9,mild,150,64
False,,0.49999999999999994,-0.016494207655787612,1,21.082670623293478,1,10,mild,151,65
True,0.3,0.3,1.5895489054684828,0,5.074011039132495,0,6,mild,152,66
True,0.65,0.65,3.9348536846123037,0,14.074232688776103,0,13,mild,158,67
False,,1.0000000000000002,-0.070704058142677,1,26.648287184466213,1,20,mild,159,68
False,,0.5499999999999999,-0.04232120039992364,1,17.23039463942488,1,11,mild,161,69
True,0.65,0.65,0.06406145848240163,0,14.21367807384243,0,13,mild,164,70
False,,0.7500000000000001,-0.011907412638792653,1,30.19070617150382,1,15,mild,165,71
False,,0.44999999999999996,-0.004835969483716116,1,12.947888056935431,1,9,mild,177,72
False,,0.44999999999999996,-0.01132215626472501,1,14.443356500559755,1,9,mild,178,73
False,,0.49999999999999994,-0.10524142170305836,1,21.838030840256728,1,10,mild,180,74
True,0.3,0.3,5.056077497094081,0,6.503702530630866,0,6,mild,181,75
True,0.8000000000000002,0.8000000000000002,1.5542423206094111,0,18.462348107224052,0,16,mild,184,76
False,,0.7500000000000001,-0.06352631734336486,1,18.89583969435677,1,15,mild,185,77
False,,0.8000000000000002,-0.059337507342009106,1,22.624988828309625,1,16,mild,187,78
True,0.8000000000000002,0.8000000000000002,0.04535616056863817,0,16.3038799687767,0,16,mild,190,79
False,,0.35,-0.05847142147391123,1,12.446427285426473,1,7,mild,192,80
False,,0.65,-0.019307749789226787,1,14.573293523790747,1,13,mild,194,81
False,,0.44999999999999996,-0.0384470799287424,1,12.82661590580974,1,9,mild,195,82
False,,0.7500000000000001,-0.06855203113615231,1,18.723401032537094,1,15,mild,196,83
False,,1.1000000000000003,-0.11016406643796524,1,40.64510814860149,1,22,mild,198,84
False,,1.1000000000000003,-0.07254699251551724,1,39.62565815913671,1,22,mild,199,85
True,0.39999999999999997,0.39999999999999997,7.620092577108419,0,9.34151462869789,0,8,mild,206,86
False,,0.49999999999999994,-0.08792533327065004,1,20.578301029863805,1,10,mild,216,87
False,,0.7500000000000001,-0.16994776726773617,1,17.955341124723077,1,15,mild,220,88
False,,0.44999999999999996,0.3167847444541002,0,20.219283401874474,1,9,mild,223,89
False,,0.5499999999999999,-0.1252349946966532,1,14.30223896049147,1,11,mild,230,90
False,,0.44999999999999996,0.009677462476389872,0,20.63284564704356,1,9,mild,233,91
True,0.9000000000000002,0.9000000000000002,0.09629027212864105,0,15.547814151579525,0,18,mild,236,92
False,,0.8000000000000002,-0.010831646547721044,1,23.894815113610537,1,16,mild,238,93
True,0.6,0.6,3.321335985707234,0,9.71865549676505,0,12,mild,239,94
False,,0.49999999999999994,-0.13696573069313078,1,13.6158630090211,1,10,mild,242,95
False,,0.1,0.15831851298535418,0,2.9093009009768,1,2,mild,244,96
False,,0.9000000000000002,-0.04847289074226219,1,36.34509157766836,1,18,mild,245,97
False,,0.44999999999999996,-0.12064359079733881,1,13.705788736380939,1,9,mild,246,98
False,,0.7000000000000001,-0.008887398543073724,1,20.06536619642876,1,14,mild,252,99
False,,0.49999999999999994,-0.18795633996266223,1,21.535478416724278,1,10,mild,253,100
False,,0.7500000000000001,-0.1661799102120217,1,19.65484743822311,1,15,mild,256,101
True,1.3000000000000005,1.3000000000000005,0.06204317127247124,0,43.9736950843784,0,26,mild,258,102
True,0.44999999999999996,0.44999999999999996,0.39360314270378133,0,7.600854567264894,0,9,mild,262,103
False,,0.44999999999999996,-0.010794768764375599,1,12.908638190293734,1,9,mild,272,104
False,,0.6,-0.03748547276387039,1,16.354460612963486,1,12,mild,275,105
True,1.1500000000000004,1.1500000000000004,0.022817568028343657,0,28.240230986043795,0,23,mild,277,106
False,,0.7000000000000001,-0.15663856412288837,1,18.332057876154643,1,14,mild,278,107
False,,0.7000000000000001,-0.12796278705316957,1,22.827728914644204,1,14,mild,286,108
True,0.7500000000000001,0.7500000000000001,1.270127156371871,0,16.11851318140856,0,15,mild,288,109
False,,0.9500000000000003,-0.02806084779368868,1,34.1837820324995,1,19,mild,289,110
True,0.8000000000000002,0.8000000000000002,7.2734501526061575,0,14.237177059222264,0,16,mild,294,111
False,,0.2,-0.05257182986329492,1,8.141118000913494,1,4,mild,296,112
True,0.9500000000000003,0.9500000000000003,0.5215897781885763,0,16.181679549201696,0,19,mild,297,113
True,0.49999999999999994,0.49999999999999994,7.201673492438307,0,10.652089431547003,0,10,mild,299,114
False,,0.5499999999999999,-0.07722592061802508,1,12.989683048491548,1,11,mild,301,115
False,,0.7500000000000001,-0.05622637379447459,1,18.518378590160154,1,15,mild,302,116
False,,0.5499999999999999,-0.04522133511888715,1,14.204428005889515,1,11,mild,310,117
True,0.65,0.65,5.205687850445236,0,11.492754489719157,0,13,mild,311,118
True,0.65,0.65,9.414672263842517,0,14.27743392404878,0,13,mild,318,119
True,0.7500000000000001,0.7500000000000001,2.7674781799109924,0,15.062760358396552,0,15,mild,319,120
False,,0.39999999999999997,-0.07727636675735235,1,10.322836608440713,1,8,mild,322,121
True,0.39999999999999997,0.39999999999999997,1.2947264729779853,0,8.911857177108654,0,8,mild,332,122
True,0.25,0.25,9.442099011950258,0,6.980608140406554,0,5,mild,335,123
False,,0.44999999999999996,-0.01700031355473789,1,12.980073393539659,1,9,mild,336,124
True,0.9500000000000003,0.9500000000000003,0.02032963693366158,0,19.641152666891244,0,19,mild,338,125
True,0.7500000000000001,0.7500000000000001,9.040578582588326,0,21.578599486684208,0,15,mild,342,126
True,1.0500000000000003,1.0500000000000003,0.05916367948565705,0,20.924219534108364,0,21,mild,348,127
False,,0.9500000000000003,-0.06920059910287978,1,33.359743471684276,1,19,mild,349,128
False,,0.9500000000000003,-0.09478765573267514,1,36.59979626011632,1,19,mild,350,129
False,,0.8000000000000002,-0.014544431780336218,1,26.215684386596966,1,16,mild,355,130
False,,0.44999999999999996,-0.0740750614093528,1,12.555789236233846,1,9,mild,358,131
False,,0.6,-0.06102193259662424,1,20.5316986336877,1,12,mild,360,132
False,,0.39999999999999997,-0.02285509673593771,1,12.47317760517668,1,8,mild,364,133
False,,0.25,-0.009132747672177009,1,9.644799520929944,1,5,mild,365,134
True,0.8000000000000002,0.8000000000000002,0.7342891436316022,0,14.167545775483154,0,16,mild,368,135
True,0.5499999999999999,0.5499999999999999,9.535948281359016,0,11.394865246182023,0,11,mild,369,136
True,0.7500000000000001,0.7500000000000001,0.1461334740346539,0,18.983088942225468,0,15,mild,372,137
True,0.6,0.6,0.5930839254286799,0,12.673293235994633,0,12,mild,374,138
True,0.7500000000000001,0.7500000000000001,0.019920363396483308,0,17.10609921907324,0,15,mild,375,139
True,0.6,0.6,5.013229895598498,0,11.54769768944447,0,12,mild,380,140
False,,1.0000000000000002,-0.07220758839204591,1,37.71440064683172,1,20,mild,383,141
True,0.7000000000000001,0.7000000000000001,8.472133494251393,0,16.784958844813715,0,14,mild,387,142
True,0.8000000000000002,0.8000000000000002,0.0838746929468167,0,14.779919439214272,0,16,mild,391,143
False,,0.49999999999999994,-0.026848220533905225,1,14.071223443399635,1,10,mild,395,144
False,,0.44999999999999996,-0.09150853094126593,1,14.26171287768318,1,9,mild,400,145
False,,0.9500000000000003,-0.11200041592804151,1,33.10353485088919,1,19,mild,401,146
False,,0.5499999999999999,-0.0727731611239072,1,12.43109180348916,1,11,mild,402,147
False,,0.44999999999999996,-0.019675282147157247,1,18.22520039431961,1,9,mild,405,148
False,,0.5499999999999999,-0.17229322901360591,1,21.071427784527373,1,11,mild,408,149
True,0.65,0.65,0.9343309102924903,0,15.00652544066834,0,13,mild,409,150
True,1.2000000000000004,1.2000000000000004,0.0021963985689760837,0,38.093255459707194,0,24,mild,413,151
True,0.9500000000000003,0.9500000000000003,0.024240100889753532,0,19.41271858109016,0,19,mild,415,152
True,0.9500000000000003,0.9500000000000003,0.03606533313706123,0,18.428261487011646,0,19,mild,416,153
False,,0.39999999999999997,-0.15613750215445854,1,10.94265973316523,1,8,mild,417,154
False,,0.7000000000000001,-0.008873062498218901,1,16.184934838162576,1,14,mild,425,155
False,,0.7000000000000001,-0.050406531116724156,1,14.936391161135147,1,14,mild,426,156
True,0.65,0.65,9.172967726907086,0,10.471902082121533,0,13,mild,429,157
True,0.3,0.3,4.815914067700267,0,6.938497587377719,0,6,mild,433,158
True,0.7500000000000001,0.7500000000000001,9.112861102450662,0,12.594785096880456,0,15,mild,434,159
True,1.2500000000000004,1.2500000000000004,0.010297641843102398,0,30.367461486942098,0,25,mild,435,160
True,0.44999999999999996,0.44999999999999996,3.9954963506991703,0,9.605847210271033,0,9,mild,436,161
True,0.39999999999999997,0.39999999999999997,9.709399899629618,0,9.553527229080109,0,8,mild,439,162
False,,0.39999999999999997,-0.12188359932147465,1,10.969411629647038,1,8,mild,444,163
False,,0.6,-0.05053522698143998,1,16.570296578620585,1,12,mild,445,164
False,,0.49999999999999994,-0.08246676147449446,1,13.417914540581865,1,10,mild,446,165
False,,0.49999999999999994,-0.08070974955811257,1,14.996063810092847,1,10,mild,447,166
True,0.9000000000000002,0.9000000000000002,0.04270394275766068,0,24.149174001827777,0,18,mild,448,167
True,0.25,0.25,5.014468350700674,0,5.33244387887571,0,5,mild,449,168
False,,0.44999999999999996,-0.03402556022580408,1,11.56896752185032,1,9,mild,452,169
False,,0.44999999999999996,-0.13467051580685233,1,19.52708339544883,1,9,mild,455,170
True,0.35,0.35,3.51586007330208,0,8.196230426821456,0,7,mild,456,171
True,0.5499999999999999,0.5499999999999999,2.403235962656224,0,13.617329567905928,0,11,mild,458,172
True,0.2,0.2,4.904673199184427,0,5.888603601619908,0,4,mild,459,173
False,,0.7000000000000001,-0.047817310599661204,1,19.56762214917734,1,14,mild,462,174
False,,0.6,-0.054413402835987626,1,12.350970121810152,1,12,mild,465,175
True,0.9000000000000002,0.9000000000000002,0.25069698782273664,0,20.937769798461336,0,18,mild,466,176
True,0.65,0.65,5.122316637645692,0,13.787985768396881,0,13,mild,468,177
False,,0.5499999999999999,-0.1261619605864028,1,22.96559039011722,1,11,mild,471,178
False,,0.44999999999999996,-0.02125662681466486,1,14.398212733962053,1,9,mild,473,179
False,,0.5499999999999999,-0.01692918152024828,1,22.828053551202014,1,11,mild,475,180
True,0.7500000000000001,0.7500000000000001,9.063069681454555,0,14.398020985087797,0,15,mild,476,181
False,,0.8000000000000002,-0.08440762694009402,1,23.87598081140517,1,16,mild,478,182
False,,0.6,-0.038885867418053506,1,19.754913393868456,1,12,mild,481,183
False,,0.65,-0.11854354264646341,1,14.142502605842502,1,13,mild,483,184
False,,0.44999999999999996,-0.06756335346221082,1,11.907584395695999,1,9,mild,485,185
True,0.65,0.65,7.378378283369014,0,13.473629403078904,0,13,mild,493,186
True,0.7500000000000001,0.7500000000000001,2.1368734436246117,0,17.246968573656435,0,15,mild,502,187
True,0.7000000000000001,0.7000000000000001,0.33863177593590194,0,16.789669012891448,0,14,mild,514,188
False,,0.7000000000000001,-0.07413258751288204,1,18.341197402165903,1,14,mild,517,189
True,0.9000000000000002,0.9000000000000002,7.235054674188622,0,17.076743078306322,0,18,mild,519,190
False,,0.8000000000000002,-0.1568581040582021,1,22.49084403503405,1,16,mild,520,191
True,0.9500000000000003,0.9500000000000003,0.13507356296239523,0,23.451198755938535,0,19,mild,521,192
False,,0.8000000000000002,-0.06881352230736767,1,33.121741568223264,1,16,mild,522,193
True,0.7500000000000001,0.7500000000000001,6.691756027140397,0,13.455390971255664,0,15,mild,528,194
False,,0.8500000000000002,-0.09625062188464717,1,35.284894856560534,1,17,mild,540,195
False,,0.5499999999999999,-0.0766245141762037,1,17.44920734896263,1,11,mild,541,196
False,,0.7000000000000001,-0.011148918978655793,1,21.276411325768773,1,14,mild,544,197
True,0.49999999999999994,0.49999999999999994,4.439440818584476,0,7.444741969688952,0,10,mild,546,198
True,1.1500000000000004,1.1500000000000004,0.004458725287582337,0,25.243978292359145,0,23,mild,548,199
False,,0.65,-0.1534048937194883,1,17.505437278739446,1,13,mild,550,200
False,,0.49999999999999994,-0.05756699031983824,1,14.567025294079006,1,10,mild,553,201
True,1.3000000000000005,1.3000000000000005,0.038273728910800525,0,44.914775245128745,0,26,mild,554,202
True,0.25,0.25,1.4807005022252102,0,5.436877026723997,0,5,mild,556,203
False,,0.7000000000000001,-0.09659649150872952,1,18.212926170984026,1,14,mild,559,204
True,0.44999999999999996,0.44999999999999996,1.7243885287477854,0,6.684850641691444,0,9,mild,562,205
True,0.49999999999999994,0.49999999999999994,3.4858093175505234,0,8.95907544936787,0,10,mild,563,206
True,0.9000000000000002,0.9000000000000002,0.019257923344055895,0,17.689434064299373,0,18,mild,567,207
False,,0.39999999999999997,-0.1376550149789508,1,13.218009364856186,1,8,mild,571,208
False,,0.3,-0.007270675162994101,1,8.080311533063895,1,6,mild,573,209
False,,0.3,-0.14804977058267582,1,12.904868090043896,1,6,mild,574,210
False,,0.49999999999999994,-0.005372800545874706,1,13.885864477749424,1,10,mild,581,211
True,1.2000000000000004,1.2000000000000004,0.12513051917149945,0,28.40596363063093,0,24,mild,584,212
False,,0.5499999999999999,-0.031927580164320526,1,17.20449677112523,1,11,mild,585,213
True,0.25,0.25,8.779426598264047,0,5.177379221126012,0,5,mild,586,214
False,,0.1,-0.05280145033272726,1,2.8413716985833206,1,2,mild,589,215
True,0.25,0.25,2.3922237773802837,0,2.183345194906237,0,5,mild,590,216
True,0.7000000000000001,0.7000000000000001,7.45262455518312,0,16.093794888390335,0,14,mild,592,217
True,0.8500000000000002,0.8500000000000002,0.2225234459198699,0,16.542320530375505,0,17,mild,593,218
False,,0.44999999999999996,-0.018552643765029724,1,12.125723958550196,1,9,mild,594,219
True,0.7500000000000001,0.7500000000000001,7.813100436668708,0,17.118837936827163,0,15,mild,597,220
True,0.8000000000000002,0.8000000000000002,4.559606653029018,0,14.963907908725586,0,16,mild,598,221
False,,0.35,-0.048880020730402235,1,14.246600778589851,1,7,mild,600,222
True,0.9000000000000002,0.9000000000000002,4.308876860512333,0,15.201390530243815,0,18,mild,604,223
True,0.7000000000000001,0.7000000000000001,3.603601117475929,0,10.070321183783935,0,14,mild,606,224
True,0.49999999999999994,0.49999999999999994,7.18587326899751,0,10.707606043396577,0,10,mild,613,225
False,,0.65,-0.062219065795741955,1,28.461155365936662,1,13,mild,614,226
True,0.7500000000000001,0.7500000000000001,0.08847693438615145,0,15.309179040159382,0,15,mild,621,227
True,0.9000000000000002,0.9000000000000002,0.015603176833514476,0,18.45253263247317,0,18,mild,623,228
True,0.9000000000000002,0.9000000000000002,4.3569116507381604,0,18.521612780833177,0,18,mild,634,229
False,,0.39999999999999997,0.02786546523035481,0,17.88664070666972,1,8,mild,637,230
False,,0.7000000000000001,-0.17420264654220166,1,16.39154998717953,1,14,mild,639,231
True,0.65,0.65,8.627163707058559,0,9.957838019083757,0,13,mild,644,232
False,,0.6,-0.13948530066650744,1,20.58149439726443,1,12,mild,646,233
False,,0.65,-0.1270948337821888,1,27.055464076622762,1,13,mild,654,234
True,0.7000000000000001,0.7000000000000001,2.116703803045872,0,17.14450608108886,0,14,mild,655,235
False,,0.8000000000000002,-0.18042855137352573,1,26.495913529870297,1,16,mild,662,236
True,0.7000000000000001,0.7000000000000001,0.8336661743352979,0,15.224733448518002,0,14,mild,665,237
False,,0.5499999999999999,-0.1367695727894437,1,21.247296249959703,1,11,mild,667,238
True,0.7000000000000001,0.7000000000000001,0.006278422328352694,0,14.546988895727736,0,14,mild,668,239
True,0.6,0.6,7.87034420183683,0,12.204648044695572,0,12,mild,672,240
False,,0.49999999999999994,-0.053510491234954154,1,18.925373984150028,1,10,mild,676,241
False,,0.6,-0.03980245335496175,1,19.010169490724692,1,12,mild,678,242
False,,0.9000000000000002,-0.07053959467357539,1,37.82946258414446,1,18,mild,679,243
True,1.0500000000000003,1.0500000000000003,0.1444637796254009,0,19.215385589890175,0,21,mild,681,244
True,1.4000000000000006,1.4000000000000006,0.05082781935205178,0,42.76240687091353,0,28,moderate,1,0
True,1.2000000000000004,1.2000000000000004,0.03214228599330567,0,42.34555325580228,0,24,moderate,2,1
True,0.6,0.6,5.592582002116371,0,16.265491035583732,0,12,moderate,4,2
False,,0.3,-1.180703688757147,1,7.893955388838167,1,6,moderate,6,3
False,,1.0500000000000003,-0.03943553973775405,1,37.36800652870088,1,21,moderate,7,4
True,0.5499999999999999,0.5499999999999999,0.6619685655666908,0,8.845068789241434,0,11,moderate,10,5
True,0.9000000000000002,0.9000000000000002,3.2469321875757076,0,15.7384085409481,0,18,moderate,13,6
False,,0.44999999999999996,-0.013659160487328483,1,18.041351904965993,1,9,moderate,15,7
False,,0.35,0.17591997504414075,0,14.191089188841412,1,7,moderate,18,8
True,0.8000000000000002,0.8000000000000002,3.263281383644947,0,19.813767152682175,0,16,moderate,19,9
True,0.39999999999999997,0.39999999999999997,2.5450682920670817,0,10.759274809194233,0,8,moderate,21,10
True,0.7500000000000001,0.7500000000000001,0.09952330594287787,0,11.50528502211614,0,15,moderate,22,11
True,0.9000000000000002,0.9000000000000002,0.025109849791810038,0,23.92036224496947,0,18,moderate,23,12
False,,0.8000000000000002,-0.04299136745097219,1,23.63139963920507,1,16,moderate,24,13
True,0.5499999999999999,0.5499999999999999,4.600175060034846,0,9.205037321255498,0,11,moderate,26,14
True,0.6,0.6,4.898950514872436,0,13.332163919195485,0,12,moderate,29,15
False,,1.0500000000000003,-0.2697430995299267,1,37.03627409214333,1,21,moderate,30,16
True,0.49999999999999994,0.49999999999999994,2.7527017849172046,0,12.112870005106387,0,10,moderate,32,17
True,0.65,0.65,7.750615442052924,0,12.455555767772008,0,13,moderate,37,18
False,,1.0000000000000002,-0.10218601136824593,1,36.93328442746833,1,20,moderate,38,19
True,0.25,0.25,9.194602141979937,0,5.707627809985003,0,5,moderate,42,20
True,0.7000000000000001,0.7000000000000001,0.40282340637213254,0,9.757305209148628,0,14,moderate,44,21
True,1.1000000000000003,1.1000000000000003,0.20788822837302762,0,27.604378118636888,0,22,moderate,47,22
False,,0.5499999999999999,-0.021187399994534114,1,13.97490392162574,1,11,moderate,48,23
False,,0.7500000000000001,-0.39782739924496296,1,30.6876813104927,1,15,moderate,53,24
True,1.1000000000000003,1.1000000000000003,0.3125475979066779,0,24.762213162999597,0,22,moderate,54,25
False,,0.7000000000000001,-0.1947904874058701,1,24.268147252132078,1,14,moderate,55,26
True,0.49999999999999994,0.49999999999999994,10.223943650151345,0,13.405327507034052,0,10,moderate,56,27
False,,0.39999999999999997,-0.03265674539148575,1,17.912283756777278,1,8,moderate,60,28
False,,0.8500000000000002,-0.16536112781339535,1,21.0496629774312,1,17,moderate,61,29
True,0.7000000000000001,0.7000000000000001,2.942629476684171,0,13.236257989524534,0,14,moderate,66,30
False,,0.39999999999999997,-0.04279224722559586,1,11.002306947788096,1,8,moderate,67,31
False,,0.65,-0.212534696908251,1,21.700296433758982,1,13,moderate,69,32
True,1.2000000000000004,1.2000000000000004,0.1231482499698789,0,29.298661148509765,0,24,moderate,74,33
True,0.3,0.3,6.394600308014739,0,6.4117263613205875,0,6,moderate,77,34
False,,0.49999999999999994,-0.06779093755753583,1,16.634319681168584,1,10,moderate,80,35
False,,0.39999999999999997,-0.19384672623686863,1,12.235031761154403,1,8,moderate,81,36
True,0.65,0.65,4.486437843643157,0,11.208246106066724,0,13,moderate,83,37
True,0.8000000000000002,0.8000000000000002,0.10209024457393373,0,16.55514172209001,0,16,moderate,84,38
True,0.8000000000000002,0.8000000000000002,2.673384005496052,0,15.26259935676339,0,16,moderate,90,39
True,0.65,0.65,2.728439658764631,0,13.659005342027987,0,13,moderate,98,40
True,0.2,0.2,6.344092435480385,0,5.52967346093288,0,4,moderate,99,41
True,1.0500000000000003,1.0500000000000003,0.10815672518492332,0,25.802106152288808,0,21,moderate,101,42
True,0.7000000000000001,0.7000000000000001,3.0430869096513575,0,19.021230553498544,0,14,moderate,102,43
False,,1.0000000000000002,-0.16802451761897372,1,37.15542100608729,1,20,moderate,103,44
True,0.7000000000000001,0.7000000000000001,9.424355221995752,0,11.125914745309455,0,14,moderate,109,45
True,0.65,0.65,2.629631186145338,0,10.994994857195355,0,13,moderate,111,46
False,,0.44999999999999996,-0.36628825891019723,1,15.600640691637754,1,9,moderate,112,47
False,,0.2,-0.05486241873167541,1,6.796152477660551,1,4,moderate,115,48
False,,0.5499999999999999,-0.0921653925062871,1,14.384932554197988,1,11,moderate,116,49
True,0.9500000000000003,0.9500000000000003,3.9033842988015475,0,19.47108657461328,0,19,moderate,117,50
False,,0.7000000000000001,-0.03134026878512744,1,28.96774722458824,1,14,moderate,118,51
False,,0.65,-0.2880228710390696,1,20.22155171994079,1,13,moderate,119,52
False,,1.0500000000000003,-0.002796158132236609,1,36.2031732369817,1,21,moderate,120,53
False,,0.65,-0.525790901205891,1,16.473193945653417,1,13,moderate,122,54
True,0.6,0.6,4.471587535603996,0,14.476614649263691,0,12,moderate,123,55
False,,0.65,-0.40061758267184355,1,18.905597862435577,1,13,moderate,126,56
False,,0.49999999999999994,-0.17147290122790457,1,20.56392348235116,1,10,moderate,127,57
True,0.65,0.65,0.24327475076802466,0,15.769949495656686,0,13,moderate,132,58
False,,0.9500000000000003,-0.033076671134347,1,34.21810530757695,1,19,moderate,134,59
False,,0.6,-0.21582183601181903,1,20.68465626123949,1,12,moderate,135,60
False,,0.7000000000000001,-0.3689072771054887,1,28.701924086375374,1,14,moderate,139,61
False,,0.25,-0.9318272418541894,1,8.839523687143007,1,5,moderate,148,62
True,0.8000000000000002,0.8000000000000002,0.15151665197134648,0,13.492892748776313,0,16,moderate,149,63
False,,0.44999999999999996,-0.5829282986343172,1,12.159540028237316,1,9,moderate,150,64
False,,0.35,0.04973705478117651,0,15.014604673524545,1,7,moderate,151,65
True,0.35,0.35,1.5895489054684828,0,5.181913575280308,0,7,moderate,152,66
True,0.65,0.65,3.700408449902684,0,14.133363433433233,0,13,moderate,158,67
True,1.3000000000000005,1.3000000000000005,0.11265605317503231,0,34.90399207305643,0,26,moderate,159,68
False,,0.44999999999999996,-0.16814100229549508,1,14.474277327004032,1,9,moderate,161,69
False,,0.39999999999999997,-0.221066044430148,1,13.742812944859967,1,8,moderate,164,70
False,,0.7000000000000001,-0.1464889457788133,1,28.680337264140594,1,14,moderate,165,71
False,,0.39999999999999997,-0.1266944768850101,1,12.787999473347545,1,8,moderate,177,72
False,,0.44999999999999996,-0.1765787695423093,1,14.079661652751,1,9,moderate,178,73
False,,0.5499999999999999,-0.35900712974710347,1,20.479967423201845,1,11,moderate,180,74
True,0.3,0.3,4.855192215717859,0,6.408059315352424,0,6,moderate,181,75
True,0.8000000000000002,0.8000000000000002,1.7163099187013968,0,18.511030125042282,0,16,moderate,184,76
False,,0.7000000000000001,-0.004571479015991073,1,18.521621128631235,1,14,moderate,185,77
True,1.1000000000000003,1.1000000000000003,0.31472783407199934,0,28.73011753896005,0,22,moderate,187,78
False,,0.1,-0.39748238745932324,1,3.9326016869731264,1,2,moderate,190,79
False,,0.35,-0.20855004409037448,1,13.836852988507697,1,7,moderate,192,80
False,,0.65,-0.2368530294259246,1,15.193120160823819,1,13,moderate,194,81
False,,0.5499999999999999,-0.30651237950305155,1,14.598682373635786,1,11,moderate,195,82
False,,0.7000000000000001,-0.5412507165405602,1,17.225797516874554,1,14,moderate,196,83
False,,1.1500000000000004,-0.24747514128251444,1,42.89267048669731,1,23,moderate,198,84
True,1.4000000000000006,1.4000000000000006,0.7931536933411719,0,48.12792735981094,0,28,moderate,199,85
True,0.44999999999999996,0.44999999999999996,7.620092577108419,0,10.002429661303903,0,9,moderate,206,86
False,,0.39999999999999997,0.17071005218446939,0,16.321748783654076,1,8,moderate,216,87
False,,0.7000000000000001,-0.12986527185774543,1,17.644567201167,1,14,moderate,220,88
False,,0.39999999999999997,1.0264022501942962,0,15.674239726278925,1,8,moderate,223,89
False,,0.49999999999999994,-0.17525889149666002,1,13.039716382314227,1,10,moderate,230,90
False,,0.8000000000000002,-0.11421076471612777,1,26.90545644920382,1,16,moderate,233,91
False,,0.6,-0.2606934697329814,1,14.600054514676481,1,12,moderate,236,92
True,1.1500000000000004,1.1500000000000004,0.1178399986042919,0,32.999986124075996,0,23,moderate,238,93
True,0.6,0.6,2.259609096982466,0,9.656917540672026,0,12,moderate,239,94
False,,0.49999999999999994,-0.08467211474025835,1,14.603950771700507,1,10,moderate,242,95
False,,0.05,0.5266070741959206,0,1.3351865519259054,1,1,moderate,244,96
False,,0.7500000000000001,-0.1684391757854178,1,34.009074624801926,1,15,moderate,245,97
False,,0.2,0.18474469595652102,0,7.174507996961703,1,4,moderate,246,98
False,,0.7000000000000001,-0.1663060577727965,1,20.325426349899953,1,14,moderate,252,99
False,,0.44999999999999996,-0.19795917528053839,1,19.562614883248035,1,9,moderate,253,100
False,,0.49999999999999994,-0.24518819233004607,1,12.732647761541386,1,10,moderate,256,101
False,,1.0000000000000002,-0.28306477362725485,1,37.83764313081139,1,20,moderate,258,102
False,,0.25,-0.450459480862128,1,6.9211356597893126,1,5,moderate,262,103
False,,0.5499999999999999,-0.2797801015105714,1,15.437601767546603,1,11,moderate,272,104
False,,0.5499999999999999,-0.0376261472773525,1,14.60369628049376,1,11,moderate,275,105
True,1.2000000000000004,1.2000000000000004,0.21392612062006072,0,29.25146130701741,0,24,moderate,277,106
False,,0.39999999999999997,-0.38468043717286515,1,11.034632787023977,1,8,moderate,278,107
True,1.0500000000000003,1.0500000000000003,0.22689789019892334,0,28.11962169896026,0,21,moderate,286,108
True,0.7500000000000001,0.7500000000000001,1.5575194963851398,0,16.230314003272216,0,15,moderate,288,109
True,1.2500000000000004,1.2500000000000004,0.013902752304221772,0,40.79896153017184,0,25,moderate,289,110
True,0.8000000000000002,0.8000000000000002,6.765670667284368,0,14.477403133072139,0,16,moderate,294,111
False,,0.15000000000000002,-0.2614606948465768,1,5.506663194590993,1,3,moderate,296,112
True,0.9500000000000003,0.9500000000000003,0.885307349609847,0,16.14438449457418,0,19,moderate,297,113
True,0.49999999999999994,0.49999999999999994,7.125021638031651,0,10.662374621498977,0,10,moderate,299,114
True,0.9000000000000002,0.9000000000000002,0.2766603016657962,0,20.23428462798188,0,18,moderate,301,115
True,1.0500000000000003,1.0500000000000003,0.2541871297243415,0,24.146902286967375,0,21,moderate,302,116
False,,0.5499999999999999,-0.465906208277456,1,13.996855112766296,1,11,moderate,310,117
True,0.65,0.65,4.749997564219505,0,11.524163387328418,0,13,moderate,311,118
True,0.65,0.65,8.353904119076674,0,14.427624980459912,0,13,moderate,318,119
True,0.7500000000000001,0.7500000000000001,3.5150522641221316,0,15.185738129392652,0,15,moderate,319,120
False,,0.25,-0.019408573794054747,1,6.856776347648002,1,5,moderate,322,121
True,0.44999999999999996,0.44999999999999996,1.2947264729779853,0,8.950109188607712,0,9,moderate,332,122
True,0.25,0.25,9.529078807233251,0,6.868151050240959,0,5,moderate,335,123
False,,0.39999999999999997,-0.4255571401554855,1,11.641103236551151,1,8,moderate,336,124
True,0.9500000000000003,0.9500000000000003,0.048409593055437045,0,19.801052070226714,0,19,moderate,338,125
True,0.7500000000000001,0.7500000000000001,9.040578582588326,0,21.226841855418872,0,15,moderate,342,126
True,1.0500000000000003,1.0500000000000003,0.49258421811489267,0,21.054130768172953,0,21,moderate,348,127
False,,0.39999999999999997,-0.5474971046796779,1,19.20835675054628,1,8,moderate,349,128
False,,0.9000000000000002,-0.11293066505875779,1,36.22825521019123,1,18,moderate,350,129
False,,0.7500000000000001,-0.04813794629298812,1,25.004536162988305,1,15,moderate,355,130
False,,0.39999999999999997,-0.4446524506268488,1,11.488614766340799,1,8,moderate,358,131
True,0.8500000000000002,0.8500000000000002,0.026741832802349295,0,23.665459135614185,0,17,moderate,360,132
False,,0.6,-0.5419214359082253,1,20.527145576943024,1,12,moderate,364,133
False,,0.25,-0.1818083322696513,1,9.053571040148388,1,5,moderate,365,134
True,0.8000000000000002,0.8000000000000002,0.7533255479777906,0,14.194038518328803,0,16,moderate,368,135
True,0.5499999999999999,0.5499999999999999,9.629837702750507,0,11.344842362065508,0,11,moderate,369,136
True,0.7500000000000001,0.7500000000000001,0.18405306368032898,0,18.899559289868193,0,15,moderate,372,137
False,,0.39999999999999997,-0.11606973915046595,1,11.602830439190269,1,8,moderate,374,138
False,,0.44999999999999996,-0.22886929455231034,1,15.481335297528359,1,9,moderate,375,139
True,0.6,0.6,4.307054694628367,0,11.533058317726235,0,12,moderate,380,140
False,,0.9500000000000003,-0.2143599600004164,1,37.53766162033493,1,19,moderate,383,141
True,0.7000000000000001,0.7000000000000001,7.01261781019676,0,16.74306891000196,0,14,moderate,387,142
True,0.8000000000000002,0.8000000000000002,0.010855220662126802,0,14.785506528945445,0,16,moderate,391,143
False,,0.44999999999999996,-0.21684209124041245,1,13.044113740034145,1,9,moderate,395,144
False,,0.35,1.7459891920729769,0,11.407162715498819,1,7,moderate,400,145
False,,0.9500000000000003,-0.24642898794601487,1,33.592825650453456,1,19,moderate,401,146
True,0.8500000000000002,0.8500000000000002,0.41198154520329616,0,18.467828967454487,0,17,moderate,402,147
False,,0.35,-0.21147286334500945,1,13.778319710371848,1,7,moderate,405,148
False,,0.8000000000000002,-0.17844868785370666,1,30.49972946348797,1,16,moderate,408,149
True,0.65,0.65,1.245158570498287,0,14.904086442720079,0,13,moderate,409,150
False,,0.9000000000000002,-0.4321587397405316,1,31.40652002273423,1,18,moderate,413,151
True,0.9500000000000003,0.9500000000000003,0.22800680734389064,0,19.13046816832933,0,19,moderate,415,152
True,0.9500000000000003,0.9500000000000003,0.32382246396163933,0,18.455504808114284,0,19,moderate,416,153
False,,0.35,-0.3708309521655926,1,10.504609124326075,1,7,moderate,417,154
True,1.0500000000000003,1.0500000000000003,0.10198776313033982,0,23.52587481130731,0,21,moderate,425,155
True,0.9500000000000003,0.9500000000000003,0.0891786190394626,0,19.76952273754912,0,19,moderate,426,156
True,0.6,0.6,8.565093861940928,0,10.165632068065204,0,12,moderate,429,157
True,0.35,0.35,4.548902624974916,0,7.339546295147656,0,7,moderate,433,158
True,0.7500000000000001,0.7500000000000001,9.185139359054535,0,12.47811481120057,0,15,moderate,434,159
False,,0.9000000000000002,-0.060739443544542,1,21.477958315476258,1,18,moderate,435,160
True,0.44999999999999996,0.44999999999999996,3.9677766615112935,0,9.789080516353437,0,9,moderate,436,161
True,0.44999999999999996,0.44999999999999996,9.709399899629618,0,9.683051786418648,0,9,moderate,439,162
False,,0.49999999999999994,-0.4249094045835102,1,13.555570964234576,1,10,moderate,444,163
False,,0.65,-0.0486165807653629,1,17.68781795027278,1,13,moderate,445,164
False,,0.6,-0.08727360557818552,1,18.477630677613355,1,12,moderate,446,165
False,,0.44999999999999996,-0.09736258206825467,1,14.302561602347128,1,9,moderate,447,166
True,0.9000000000000002,0.9000000000000002,0.285540556919874,0,24.01524806189816,0,18,moderate,448,167
True,0.35,0.35,3.323842346937157,0,6.028552109012547,0,7,moderate,449,168
True,0.8500000000000002,0.8500000000000002,0.1411686918660902,0,16.998490793511394,0,17,moderate,452,169
False,,0.65,-0.6135652412355487,1,26.585130664191084,1,13,moderate,455,170
True,0.35,0.35,3.51586007330208,0,8.09495831321578,0,7,moderate,456,171
True,0.5499999999999999,0.5499999999999999,2.463929009777948,0,13.713716393098942,0,11,moderate,458,172
True,0.2,0.2,4.904673199184427,0,5.909696472193757,0,4,moderate,459,173
False,,0.7500000000000001,-0.14232781755277144,1,20.04128563801547,1,15,moderate,462,174
True,0.8500000000000002,0.8500000000000002,0.08014896612843403,0,14.822689224901472,0,17,moderate,465,175
True,0.9500000000000003,0.9500000000000003,0.1986872570588853,0,21.620035872737432,0,19,moderate,466,176
True,0.6,0.6,5.784245961470385,0,13.533056887897137,0,12,moderate,468,177
False,,0.49999999999999994,-0.48497902218078065,1,19.820082757422963,1,10,moderate,471,178
False,,0.39999999999999997,-0.19698690303787442,1,12.603130820430552,1,8,moderate,473,179
False,,0.65,-0.0070013399631307024,1,27.485504652976083,1,13,moderate,475,180
True,0.8000000000000002,0.8000000000000002,8.39258764456338,0,14.584643989600814,0,16,moderate,476,181
False,,0.7000000000000001,-0.19448792178167476,1,21.14184611820918,1,14,moderate,478,182
False,,0.5499999999999999,-0.1263971811122748,1,18.589443339453535,1,11,moderate,481,183
False,,0.7000000000000001,-0.11664331909466591,1,16.66831562383167,1,14,moderate,483,184
False,,0.8000000000000002,-0.1693200853292305,1,25.07593766361516,1,16,moderate,485,185
True,0.65,0.65,7.459842333434022,0,13.42462093189572,0,13,moderate,493,186
True,0.7500000000000001,0.7500000000000001,1.579964312725304,0,17.254043825957716,0,15,moderate,502,187
False,,0.35,-1.0947902841907926,1,14.188026062515238,1,7,moderate,514,188
False,,0.8500000000000002,-0.12201260467189229,1,21.564160401915988,1,17,moderate,517,189
True,0.9000000000000002,0.9000000000000002,6.1008075153186505,0,17.036568373508235,0,18,moderate,519,190
False,,0.8500000000000002,-0.3897116727235212,1,22.615130479716097,1,17,moderate,520,191
False,,0.65,-0.2664463144961963,1,20.881093262103985,1,13,moderate,521,192
False,,0.7000000000000001,-0.36846819399123487,1,30.19499657844486,1,14,moderate,522,193
True,0.7500000000000001,0.7500000000000001,6.817826146585951,0,13.510289767784814,0,15,moderate,528,194
False,,0.8500000000000002,-0.27668825302643496,1,34.85483284839063,1,17,moderate,540,195
False,,0.5499999999999999,-0.22155286379712866,1,17.43078282534496,1,11,moderate,541,196
False,,0.7000000000000001,-0.032215505806862464,1,21.44472341681807,1,14,moderate,544,197
True,0.49999999999999994,0.49999999999999994,3.598560270643677,0,7.526608046635041,0,10,moderate,546,198
True,1.1500000000000004,1.1500000000000004,0.01633946164373929,0,25.799878063886766,0,23,moderate,548,199
False,,0.65,-0.45808257215903925,1,17.65689275253507,1,13,moderate,550,200
False,,0.49999999999999994,-0.045262794386711894,1,14.443122720984633,1,10,moderate,553,201
False,,0.7500000000000001,-0.1890035141634947,1,30.715046344861236,1,15,moderate,554,202
True,0.15000000000000002,0.15000000000000002,1.8252933417427513,0,3.863923044088406,0,3,moderate,556,203
False,,0.65,-0.44652582999250157,1,17.257242047039096,1,13,moderate,559,204
True,0.49999999999999994,0.49999999999999994,1.4282227817441964,0,6.850367466372709,0,10,moderate,562,205
True,0.49999999999999994,0.49999999999999994,3.655535677010665,0,8.928267729515465,0,10,moderate,563,206
False,,0.49999999999999994,-0.07985412431323417,1,12.310970655310154,1,10,moderate,567,207
False,,0.39999999999999997,-0.1395370966463479,1,13.344427893319862,1,8,moderate,571,208
False,,0.25,-0.004936913591868515,1,6.681666970626339,1,5,moderate,573,209
False,,0.3,-0.018082986756506016,1,10.438653226503837,1,6,moderate,574,210
False,,0.5499999999999999,-0.059251541348130564,1,15.74520643433617,1,11,moderate,581,211
False,,0.8500000000000002,-0.3072811610435284,1,19.524022002041114,1,17,moderate,584,212
True,0.8000000000000002,0.8000000000000002,1.0787430063778498,0,18.02109615459597,0,16,moderate,585,213
True,0.3,0.3,9.792245748451457,0,5.421354479594319,0,6,moderate,586,214
False,,0.05,0.10208485282271157,0,1.3637226132116045,1,1,moderate,589,215
True,0.25,0.25,2.3922237773802837,0,2.080124628407127,0,5,moderate,590,216
True,0.7000000000000001,0.7000000000000001,6.9508754205835235,0,15.840157407191482,0,14,moderate,592,217
False,,0.5499999999999999,-9.88018984902438e-05,1,14.325624806294732,1,11,moderate,593,218
False,,0.44999999999999996,-0.07046135229299505,1,13.53872209361096,1,9,moderate,594,219
True,0.7500000000000001,0.7500000000000001,8.633444866638726,0,17.064500424223226,0,15,moderate,597,220
True,0.8000000000000002,0.8000000000000002,5.4666420065735055,0,15.08205423627079,0,16,moderate,598,221
True,0.7500000000000001,0.7500000000000001,0.009478147635749574,0,16.451997294603323,0,15,moderate,600,222
True,0.8500000000000002,0.8500000000000002,4.62649482434443,0,14.620666260523924,0,17,moderate,604,223
True,0.7000000000000001,0.7000000000000001,4.934305928588585,0,9.96608069021307,0,14,moderate,606,224
True,0.49999999999999994,0.49999999999999994,6.539327004189458,0,10.780638591204465,0,10,moderate,613,225
False,,0.6,-0.5111770431119781,1,26.70885180284741,1,12,moderate,614,226
True,0.7000000000000001,0.7000000000000001,0.21934105934973258,0,14.793060807868027,0,14,moderate,621,227
True,0.8500000000000002,0.8500000000000002,0.052241221182389,0,17.95180980390736,0,17,moderate,623,228
True,0.9000000000000002,0.9000000000000002,4.3569116507381604,0,18.371983080059014,0,18,moderate,634,229
False,,0.35,0.0644981093433607,0,15.308594615828703,1,7,moderate,637,230
False,,0.7000000000000001,-0.3341664549698231,1,16.781922810907883,1,14,moderate,639,231
True,0.65,0.65,8.627163707058559,0,10.056259659309237,0,13,moderate,644,232
False,,0.44999999999999996,-0.39223736388588576,1,16.685550870436597,1,9,moderate,646,233
False,,0.8500000000000002,-0.03341424829243705,1,30.243579893740634,1,17,moderate,654,234
True,0.7500000000000001,0.7500000000000001,1.0924163727678735,0,17.366323780110047,0,15,moderate,655,235
False,,0.8500000000000002,-0.05473539523441047,1,27.734583778525842,1,17,moderate,662,236
True,0.7000000000000001,0.7000000000000001,0.5164794770208297,0,15.187561641660507,0,14,moderate,665,237
False,,0.5499999999999999,-0.36097174166043167,1,19.637389286031457,1,11,moderate,667,238
False,,0.39999999999999997,-0.2458146003664765,1,13.430237970015439,1,8,moderate,668,239
True,0.5499999999999999,0.5499999999999999,8.162099469754345,0,11.880047339829613,0,11,moderate,672,240
True,0.8000000000000002,0.8000000000000002,0.10619218349263335,0,20.794434735220346,0,16,moderate,676,241
False,,0.65,-0.22750380394857053,1,21.13911894528879,1,13,moderate,678,242
False,,1.0000000000000002,-0.2062504450755732,1,38.12734542590408,1,20,moderate,679,243
True,1.0500000000000003,1.0500000000000003,0.17976172663499443,0,19.443843206710717,0,21,moderate,681,244
True,1.4000000000000006,1.4000000000000006,0.04626390439013668,0,42.83772497433889,0,28,strong,1,0
True,1.2000000000000004,1.2000000000000004,0.15710011989369085,0,42.651245965561955,0,24,strong,2,1
True,0.5499999999999999,0.5499999999999999,5.592582002116371,0,15.873086062640015,0,11,strong,4,2
False,,0.3,-0.18635018947502072,1,8.64651006695788,1,6,strong,6,3
True,1.3500000000000005,1.3500000000000005,0.3952197782859948,0,47.73082613319116,0,27,strong,7,4
False,,0.2,-0.1544608908917282,1,6.845766993015992,1,4,strong,10,5
True,0.9000000000000002,0.9000000000000002,3.0776595870476458,0,15.843641793087532,0,18,strong,13,6
False,,0.5499999999999999,-0.6711447779746685,1,17.738458223790452,1,11,strong,15,7
False,,0.35,-0.21503562110776525,1,13.686327070240473,1,7,strong,18,8
True,0.8000000000000002,0.8000000000000002,3.570879776487921,0,19.995635586662495,0,16,strong,19,9
True,0.39999999999999997,0.39999999999999997,2.5450682920670817,0,10.66576894281871,0,8,strong,21,10
True,0.7500000000000001,0.7500000000000001,0.22340013842076906,0,11.63140805834912,0,15,strong,22,11
True,0.9000000000000002,0.9000000000000002,0.03818270661884782,0,24.156161441132625,0,18,strong,23,12
False,,0.8000000000000002,-0.19361021175019452,1,23.9385762037595,1,16,strong,24,13
True,0.5499999999999999,0.5499999999999999,4.708965823094435,0,9.294413633904616,0,11,strong,26,14
True,0.6,0.6,5.9110196305367895,0,13.338118036595668,0,12,strong,29,15
False,,1.0500000000000003,-0.4981214552185857,1,37.23522929119065,1,21,strong,30,16
False,,0.25,0.3000157800310876,0,10.57868877691289,1,5,strong,32,17
True,0.65,0.65,7.136845879190337,0,12.762818267432964,0,13,strong,37,18
False,,1.1000000000000003,-0.3266541202358158,1,36.89541384139949,1,22,strong,38,19
True,0.15000000000000002,0.15000000000000002,9.194602141979937,0,4.1663516541861965,0,3,strong,42,20
False,,0.35,-0.6751464678224505,1,8.481902706727995,1,7,strong,44,21
False,,0.8000000000000002,-0.12395381642178731,1,23.551793753294096,1,16,strong,47,22
False,,0.44999999999999996,-0.03715759063403959,1,12.605399272521828,1,9,strong,48,23
False,,1.0000000000000002,-0.310855586000196,1,33.90367461557679,1,20,strong,53,24
False,,0.7000000000000001,-0.0020576910863366613,1,16.060310178271653,1,14,strong,54,25
False,,0.8000000000000002,-0.5015138100444353,1,25.32780933126638,1,16,strong,55,26
True,0.49999999999999994,0.49999999999999994,9.364225157475255,0,13.298481893533438,0,10,strong,56,27
False,,0.44999999999999996,-0.8893816801997764,1,16.16506268488432,1,9,strong,60,28
True,1.1000000000000003,1.1000000000000003,0.896267155544773,0,24.346611833761663,0,22,strong,61,29
True,0.7500000000000001,0.7500000000000001,3.4507181151651567,0,13.55168279042378,0,15,strong,66,30
False,,0.39999999999999997,-0.20531585794576138,1,10.61050210484153,1,8,strong,67,31
False,,0.5499999999999999,-0.44328914159930755,1,17.47231499599343,1,11,strong,69,32
False,,0.9000000000000002,-0.27692516202227263,1,19.335209125210838,1,18,strong,74,33
True,0.39999999999999997,0.39999999999999997,1.623176639289971,0,7.919626856681071,0,8,strong,77,34
False,,0.49999999999999994,-0.07121373853949171,1,16.490720513772597,1,10,strong,80,35
False,,0.35,-0.18425141696382308,1,11.6166749597824,1,7,strong,81,36
True,0.7000000000000001,0.7000000000000001,2.0373860558826378,0,11.756584407879787,0,14,strong,83,37
True,0.8500000000000002,0.8500000000000002,0.12644324063519957,0,16.89274072585552,0,17,strong,84,38
True,0.8000000000000002,0.8000000000000002,2.673384005496052,0,15.470064044912462,0,16,strong,90,39
True,0.65,0.65,2.4596591373782655,0,14.004376320686417,0,13,strong,98,40
True,0.1,0.1,6.1499422308373255,0,3.282123553463922,0,2,strong,99,41
False,,0.6,-0.02011464899131522,1,16.6105883323682,1,12,strong,101,42
True,0.7000000000000001,0.7000000000000001,2.2286225260543087,0,18.903292370204937,0,14,strong,102,43
False,,0.9500000000000003,-0.43538548795186566,1,36.512376233451356,1,19,strong,103,44
True,0.7000000000000001,0.7000000000000001,9.329746277562501,0,11.348455163730153,0,14,strong,109,45
False,,0.39999999999999997,-0.2154683389735462,1,10.57673595122882,1,8,strong,111,46
False,,0.39999999999999997,-0.33890900159157183,1,14.57620679894528,1,8,strong,112,47
False,,0.15000000000000002,0.225586485619735,0,6.104293970949716,1,3,strong,115,48
False,,0.7000000000000001,-0.29372464180096947,1,17.846146004464366,1,14,strong,116,49
True,0.9000000000000002,0.9000000000000002,3.6836797687781626,0,19.06802344486286,0,18,strong,117,50
False,,0.8000000000000002,-0.4387092031603569,1,30.481025704206882,1,16,strong,118,51
False,,0.49999999999999994,-0.28169808888156256,1,15.795112612386122,1,10,strong,119,52
False,,0.9500000000000003,-0.18566177620987132,1,34.04743736293412,1,19,strong,120,53
False,,0.35,0.04315949050267652,0,9.807584835600792,1,7,strong,122,54
True,0.6,0.6,5.259491521457658,0,14.336121892302778,0,12,strong,123,55
False,,0.6,-0.14856100420896062,1,17.84679973944462,1,12,strong,126,56
False,,0.44999999999999996,-0.14217240921432198,1,18.30198152429108,1,9,strong,127,57
True,0.7000000000000001,0.7000000000000001,1.7086620688729712,0,16.29009868646421,0,14,strong,132,58
False,,0.7000000000000001,-0.5039018174430471,1,30.79807215468652,1,14,strong,134,59
True,0.8500000000000002,0.8500000000000002,0.23444596279071314,0,22.645651072925247,0,17,strong,135,60
False,,0.65,-0.21914798120314172,1,25.949267399503903,1,13,strong,139,61
True,0.7000000000000001,0.7000000000000001,1.2232486901080464,0,16.523158839056254,0,14,strong,148,62
True,0.8000000000000002,0.8000000000000002,0.4886155998656066,0,12.836688381829541,0,16,strong,149,63
False,,0.39999999999999997,-0.2432504839329698,1,10.476272526021546,1,8,strong,150,64
False,,0.49999999999999994,-0.15389098007473548,1,19.040761063942387,1,10,strong,151,65
True,0.25,0.25,1.5895489054684828,0,5.051583258498338,0,5,strong,152,66
True,0.65,0.65,3.591427598887445,0,14.098586000101044,0,13,strong,158,67
False,,0.8500000000000002,-0.11932528038114065,1,25.279645255179844,1,17,strong,159,68
False,,0.49999999999999994,-0.4000103367564329,1,16.011282756659092,1,10,strong,161,69
True,0.6,0.6,0.814855668379188,0,13.23648596737773,0,12,strong,164,70
False,,0.8000000000000002,-0.4391777363212346,1,31.790298910485692,1,16,strong,165,71
False,,0.39999999999999997,-0.08240774246003553,1,13.06869470945059,1,8,strong,177,72
False,,0.6,-0.3637117802916824,1,19.451907983296366,1,12,strong,178,73
False,,0.49999999999999994,-0.05932725304621775,1,21.284330566470576,1,10,strong,180,74
True,0.35,0.35,4.959895314586765,0,7.144762590464405,0,7,strong,181,75
True,0.8000000000000002,0.8000000000000002,0.22252839823759135,0,18.738116499878206,0,16,strong,184,76
False,,0.5499999999999999,-0.41116980134056974,1,15.251008510888752,1,11,strong,185,77
False,,0.8500000000000002,-0.21567421884059534,1,24.15523853058702,1,17,strong,187,78
False,,0.05,-0.16567822893127993,1,1.8565587796396128,1,1,strong,190,79
False,,0.25,-0.2877284705262872,1,9.188412660558228,1,5,strong,192,80
False,,0.65,-0.09570627311412128,1,14.759025459217204,1,13,strong,194,81
False,,0.44999999999999996,-0.013231416550759432,1,13.192352781528871,1,9,strong,195,82
False,,0.7000000000000001,-0.06391235397023502,1,18.220610707115036,1,14,strong,196,83
True,1.4000000000000006,1.4000000000000006,0.010104727410697241,0,50.625646306326395,0,28,strong,198,84
True,1.4000000000000006,1.4000000000000006,0.058018022737257376,0,48.99935125181891,0,28,strong,199,85
True,0.39999999999999997,0.39999999999999997,7.620092577108419,0,9.572178433761888,0,8,strong,206,86
False,,0.5499999999999999,-0.3720370823129217,1,21.426859277618785,1,11,strong,216,87
False,,0.8000000000000002,-0.19130516911165552,1,18.93580888268311,1,16,strong,220,88
False,,0.49999999999999994,-0.26260836191697984,1,19.641587443627454,1,10,strong,223,89
True,1.2500000000000004,1.2500000000000004,0.07969030651178932,0,31.131957534715987,0,25,strong,230,90
False,,0.8000000000000002,-0.30980593960021247,1,27.727888253121638,1,16,strong,233,91
False,,0.39999999999999997,-0.3893206213363834,1,10.615882022382127,1,8,strong,236,92
False,,0.7500000000000001,-0.07955154109407683,1,23.52231887036519,1,15,strong,238,93
True,0.6,0.6,3.3229665495377745,0,9.379416500155136,0,12,strong,239,94
False,,0.5499999999999999,-0.22233401695621977,1,15.254658072145244,1,11,strong,242,95
False,,0.05,-1.3016512032208754,1,1.3351865519259054,1,1,strong,244,96
False,,1.1500000000000004,-0.07634237370541062,1,42.318266718100766,1,23,strong,245,97
False,,0.39999999999999997,-0.11513944276847074,1,11.804630432549722,1,8,strong,246,98
True,1.3000000000000005,1.3000000000000005,0.08537107010000655,0,34.33413595885489,0,26,strong,252,99
False,,0.39999999999999997,0.12210847677241228,0,18.598060611591908,1,8,strong,253,100
False,,0.49999999999999994,-0.09375916291852145,1,13.985294800551742,1,10,strong,256,101
True,1.3000000000000005,1.3000000000000005,0.3549662072756644,0,43.54426804177662,0,26,strong,258,102
False,,0.25,-0.12457112861834031,1,6.928585609314677,1,5,strong,262,103
False,,0.35,-0.0618061466359978,1,9.400028023671,1,7,strong,272,104
False,,0.44999999999999996,-0.05646456849039073,1,13.447575487285537,1,9,strong,275,105
False,,0.9000000000000002,-0.005717816340304517,1,22.935556536640703,1,18,strong,277,106
False,,0.3,-0.575778983756125,1,8.523104961459737,1,6,strong,278,107
True,1.0000000000000002,1.0000000000000002,0.13650995090471965,0,27.886495831596363,0,20,strong,286,108
False,,0.5499999999999999,-0.3163865850609193,1,14.197444553292335,1,11,strong,288,109
False,,0.44999999999999996,-0.7640264860548689,1,18.035982806946066,1,9,strong,289,110
True,0.7500000000000001,0.7500000000000001,6.862970104859048,0,13.749781728394106,0,15,strong,294,111
False,,0.1,-0.517765447291938,1,3.079225209469518,1,2,strong,296,112
False,,0.7500000000000001,-0.18980099583837595,1,16.028290290001056,1,15,strong,297,113
True,0.49999999999999994,0.49999999999999994,7.973934957805392,0,10.134163195853365,0,10,strong,299,114
True,0.9000000000000002,0.9000000000000002,0.055129827637956444,0,19.860499544152276,0,18,strong,301,115
False,,0.65,-0.10393631810718418,1,17.27074022760949,1,13,strong,302,116
False,,0.49999999999999994,-0.459387046373907,1,13.765429353708436,1,10,strong,310,117
True,0.65,0.65,4.113347385609299,0,11.613549084375252,0,13,strong,311,118
True,0.65,0.65,10.015211211338945,0,13.9134493074635,0,13,strong,318,119
True,0.7500000000000001,0.7500000000000001,2.5802724815471665,0,15.076639273415994,0,15,strong,319,120
False,,0.2,-0.2853299187759898,1,5.5401489797211365,1,4,strong,322,121
True,0.44999999999999996,0.44999999999999996,1.2947264729779853,0,8.978727502435639,0,9,strong,332,122
True,0.25,0.25,9.856830712391755,0,7.36107061907669,0,5,strong,335,123
False,,0.35,-0.24963301949881217,1,11.521623397410375,1,7,strong,336,124
False,,0.5499999999999999,-0.5844922811609914,1,14.037759222021085,1,11,strong,338,125
True,0.7000000000000001,0.7000000000000001,9.040578582588326,0,21.31673704733647,0,14,strong,342,126
False,,0.7000000000000001,-0.36315436372817517,1,17.205895760865893,1,14,strong,348,127
False,,0.35,0.24042346615856433,0,15.396253764493942,1,7,strong,349,128
False,,0.9000000000000002,-0.4251997274092493,1,36.116318962784085,1,18,strong,350,129
False,,0.2,-0.04791124480943307,1,8.860441558925737,1,4,strong,355,130
False,,0.39999999999999997,-0.8473238740226253,1,11.48432164081116,1,8,strong,358,131
True,0.9000000000000002,0.9000000000000002,0.6267738112646787,0,24.04841040324687,0,18,strong,360,132
False,,0.49999999999999994,-0.24610590609126978,1,15.391378904218408,1,10,strong,364,133
False,,0.15000000000000002,-0.11655077872064998,1,6.482133058166961,1,3,strong,365,134
False,,0.35,-0.5003915337418665,1,10.375420224566705,1,7,strong,368,135
True,0.5499999999999999,0.5499999999999999,10.292705589545752,0,11.319954022834333,0,11,strong,369,136
True,0.7000000000000001,0.7000000000000001,2.2887000344657675,0,17.93908824796625,0,14,strong,372,137
False,,0.3,1.4128899131652715,0,9.795149254510683,1,6,strong,374,138
False,,0.44999999999999996,-0.48053590834987636,1,15.507991203053399,1,9,strong,375,139
True,0.5499999999999999,0.5499999999999999,6.337956604897079,0,10.97062705910738,0,11,strong,380,140
False,,0.9500000000000003,-0.6274810517264395,1,37.890399253931456,1,19,strong,383,141
True,0.7500000000000001,0.7500000000000001,5.882060099263959,0,17.29855998136012,0,15,strong,387,142
False,,0.39999999999999997,-0.052676792777706545,1,10.024443936901315,1,8,strong,391,143
False,,0.6,-0.5076031295664745,1,16.895235196943123,1,12,strong,395,144
True,0.7000000000000001,0.7000000000000001,1.1194526163877887,0,16.03963322229913,0,14,strong,400,145
False,,0.8500000000000002,-0.28647476664707516,1,31.826006866151722,1,17,strong,401,146
False,,0.5499999999999999,-0.34259164483440374,1,13.45298497633822,1,11,strong,402,147
False,,0.25,-0.3003405244222202,1,9.722861049696176,1,5,strong,405,148
False,,0.44999999999999996,-0.3310180684750805,1,16.856873808571898,1,9,strong,408,149
True,0.65,0.65,0.12574147492307303,0,14.413833935544517,0,13,strong,409,150
False,,0.35,0.08581846574002548,0,15.085953672352726,1,7,strong,413,151
False,,0.5499999999999999,-0.2873994870160631,1,14.282492892799484,1,11,strong,415,152
True,0.9500000000000003,0.9500000000000003,1.961744439026599,0,18.420923229703078,0,19,strong,416,153
False,,0.35,-0.5799370087466047,1,9.861887319768954,1,7,strong,417,154
False,,0.5499999999999999,-0.072229605350717,1,14.47933185465714,1,11,strong,425,155
False,,0.6,-0.44950890881541483,1,14.179254043749772,1,12,strong,426,156
True,0.6,0.6,9.977548309991443,0,10.193956368748644,0,12,strong,429,157
True,0.3,0.3,3.993322602806017,0,6.88742417018246,0,6,strong,433,158
True,0.7500000000000001,0.7500000000000001,8.055030235005896,0,12.587513511621719,0,15,strong,434,159
False,,0.8000000000000002,-0.3165888843869748,1,20.694827366001455,1,16,strong,435,160
True,0.39999999999999997,0.39999999999999997,5.724001925901244,0,9.086992243564234,0,8,strong,436,161
True,0.44999999999999996,0.44999999999999996,9.190466622831128,0,10.141908286556985,0,9,strong,439,162
False,,0.49999999999999994,-0.0418417548825342,1,13.485868603335332,1,10,strong,444,163
False,,0.65,-0.4092165603920472,1,17.67232111937162,1,13,strong,445,164
False,,0.49999999999999994,-0.01042101736716391,1,13.402774984614778,1,10,strong,446,165
False,,0.3,-0.8072007984113024,1,10.303802529467799,1,6,strong,447,166
False,,0.65,-0.16467704888618404,1,21.523664320540465,1,13,strong,448,167
True,0.25,0.25,5.021337946894793,0,5.402162758232534,0,5,strong,449,168
False,,0.39999999999999997,-0.5857834375395188,1,10.266290330259013,1,8,strong,452,169
True,1.1500000000000004,1.1500000000000004,0.13260882124031315,0,34.04820963001929,0,23,strong,455,170
True,0.3,0.3,3.51586007330208,0,7.685317400150058,0,6,strong,456,171
True,0.5499999999999999,0.5499999999999999,3.435592974087236,0,13.82736816358074,0,11,strong,458,172
True,0.25,0.25,4.904673199184427,0,6.688306057120464,0,5,strong,459,173
False,,0.5499999999999999,-0.06407746931586876,1,16.287393032664554,1,11,strong,462,174
True,0.8500000000000002,0.8500000000000002,0.004180112820383539,0,14.659488930983247,0,17,strong,465,175
True,0.9000000000000002,0.9000000000000002,0.48332483861669223,0,20.710756603067402,0,18,strong,466,176
True,0.6,0.6,6.689747696758831,0,13.567187448976034,0,12,strong,468,177
False,,0.44999999999999996,-0.0449786377393821,1,19.439060135457964,1,9,strong,471,178
False,,0.39999999999999997,-0.4977537907365807,1,13.24493016039773,1,8,strong,473,179
False,,0.6,-0.06897357805393435,1,24.33266378623021,1,12,strong,475,180
True,0.7500000000000001,0.7500000000000001,7.0491874337081795,0,14.131047399920666,0,15,strong,476,181
False,,0.7000000000000001,-0.5649240628989918,1,20.89431666095221,1,14,strong,478,182
False,,0.7000000000000001,-0.06952825862327977,1,21.40893392973405,1,14,strong,481,183
False,,0.65,-0.37514041478828225,1,13.991732304808897,1,13,strong,483,184
False,,0.35,-0.2750087018706103,1,9.852779641147027,1,7,strong,485,185
True,0.65,0.65,6.860408161819183,0,13.85926462040015,0,13,strong,493,186
True,0.7500000000000001,0.7500000000000001,1.7701717395121905,0,17.438278724415152,0,15,strong,502,187
False,,0.25,0.022546804920354817,0,10.542597432165877,1,5,strong,514,188
False,,0.8000000000000002,-0.38711002129225675,1,20.866850725911117,1,16,strong,517,189
True,0.9000000000000002,0.9000000000000002,6.848771835966786,0,17.023452803183314,0,18,strong,519,190
False,,0.7500000000000001,-0.340441053497486,1,21.688118414070033,1,15,strong,520,191
False,,0.65,-0.013009243878555224,1,21.074059216238624,1,13,strong,521,192
False,,0.7500000000000001,-0.012664732779109284,1,31.250429284056874,1,15,strong,522,193
True,0.8000000000000002,0.8000000000000002,4.235946978284668,0,13.710955716545929,0,16,strong,528,194
False,,0.25,-0.7821109099847687,1,9.855298272317153,1,5,strong,540,195
False,,0.44999999999999996,-0.747954135419421,1,15.443103390869478,1,9,strong,541,196
False,,0.7500000000000001,-0.16286503027417384,1,23.20002228353343,1,15,strong,544,197
True,0.44999999999999996,0.44999999999999996,3.8690740442428417,0,7.333822325066715,0,9,strong,546,198
False,,0.9000000000000002,-0.033779462569473645,1,20.186904718197663,1,18,strong,548,199
False,,0.5499999999999999,-0.07934046121129794,1,16.430396629210442,1,11,strong,550,200
False,,0.7500000000000001,-0.023608105012237302,1,19.887822765996102,1,15,strong,553,201
False,,0.8500000000000002,-0.3833000394315694,1,30.92009551302104,1,17,strong,554,202
True,0.1,0.1,1.9551167993909024,0,2.9020389985812045,0,2,strong,556,203
False,,0.65,-0.84947423075251,1,17.60031719071052,1,13,strong,559,204
False,,0.35,-0.3363616565276694,1,6.511580728683701,1,7,strong,562,205
True,0.49999999999999994,0.49999999999999994,2.6368401700718707,0,9.035983090874549,0,10,strong,563,206
False,,0.6,-0.09273015628726496,1,17.040633542150267,1,12,strong,567,207
False,,0.35,-0.1322238924330371,1,12.244199039316868,1,7,strong,571,208
False,,0.35,-0.6519555476669917,1,9.194832800991342,1,7,strong,573,209
False,,0.2,0.2067982670419784,0,8.074490238171395,1,4,strong,574,210
False,,0.49999999999999994,-0.370544498806031,1,13.916694408147931,1,10,strong,581,211
False,,0.8500000000000002,-0.20397812311387076,1,20.217541176908824,1,17,strong,584,212
True,0.8500000000000002,0.8500000000000002,1.4673298490978273,0,18.79976761310258,0,17,strong,585,213
True,0.25,0.25,9.70811155842674,0,5.081494780843732,0,5,strong,586,214
False,,0.1,-0.11792909332579168,1,2.853495300711465,1,2,strong,589,215
True,0.25,0.25,2.3922237773802837,0,2.2445608232518177,0,5,strong,590,216
True,0.7000000000000001,0.7000000000000001,7.07829931592429,0,16.61476617895158,0,14,strong,592,217
False,,0.49999999999999994,-0.9885997556098594,1,13.815736534703412,1,10,strong,593,218
False,,0.44999999999999996,-0.3572819285632403,1,12.022309491951109,1,9,strong,594,219
True,0.7500000000000001,0.7500000000000001,6.514649458770636,0,16.8206506176979,0,15,strong,597,220
True,0.8000000000000002,0.8000000000000002,3.477905018862882,0,14.82772131956777,0,16,strong,598,221
False,,0.35,-0.7229514818522935,1,13.83321580980644,1,7,strong,600,222
True,0.9000000000000002,0.9000000000000002,5.701679006653147,0,14.811287741709375,0,18,strong,604,223
True,0.7000000000000001,0.7000000000000001,3.696989044386346,0,10.010375633141578,0,14,strong,606,224
True,0.35,0.35,9.687619076945973,0,8.968322829287118,0,7,strong,613,225
False,,0.6,-0.2476678921688891,1,26.70349536421122,1,12,strong,614,226
False,,0.44999999999999996,-0.0978365223098664,1,13.649123107708107,1,9,strong,621,227
False,,0.49999999999999994,-0.4810411506882057,1,12.090288509915542,1,10,strong,623,228
True,0.9500000000000003,0.9500000000000003,1.2028477343262685,0,19.344645655987037,0,19,strong,634,229
False,,0.39999999999999997,-0.06083455927781265,1,18.14988680462617,1,8,strong,637,230
False,,0.7000000000000001,-0.16015252934790764,1,16.946204889205173,1,14,strong,639,231
True,0.6,0.6,8.11497998468681,0,9.953570648033715,0,12,strong,644,232
False,,0.5499999999999999,-0.19009663074902272,1,20.32965161635202,1,11,strong,646,233
False,,0.8000000000000002,-0.2976761529444442,1,30.213753644307666,1,16,strong,654,234
True,0.7000000000000001,0.7000000000000001,3.433722014135221,0,17.083946862847014,0,14,strong,655,235
False,,0.7500000000000001,-0.10481509753357178,1,26.110357490023244,1,15,strong,662,236
True,0.65,0.65,0.8049158720436785,0,14.9999948150146,0,13,strong,665,237
False,,0.44999999999999996,0.8952507708826395,0,19.214211046838443,1,9,strong,667,238
False,,0.3,0.7024490926137971,0,12.599207108229036,1,6,strong,668,239
True,0.6,0.6,6.262545196090084,0,12.392102384741838,0,12,strong,672,240
False,,0.49999999999999994,-0.11135628558252206,1,19.003490781483404,1,10,strong,676,241
False,,0.7000000000000001,-0.3518939975058599,1,22.083798787602014,1,14,strong,678,242
False,,0.8000000000000002,-0.28788511131416283,1,35.46501197446572,1,16,strong,679,243
True,1.0000000000000002,1.0000000000000002,2.610525793987091,0,18.784688503958318,0,20,strong,681,244
